,2020年,2019年,2018年,2017年,2016年,2015年,2014年,2013年,2012年,2011年,2010年,2009年,2008年,2007年,2006年,2005年,2004年,2003年,2002年,2001年,2000年,1999年,1998年,1997年,1996年,1995年,1994年,1993年,1992年,1991年,1990年,1989年,1988年,1987年,1986年,1985年,1984年,1983年,1982年,1981年,1980年,1979年,1978年,1977年,1976年,1975年,1974年,1973年,1972年,1971年,1970年,1969年,1968年,1967年,1966年,1965年,1964年,1963年,1962年,1961年,1960年,1959年,1958年,1957年,1956年,1955年,1954年,1953年,1952年
浙江省_地区生产总值(亿元)_本期值,64689,62461.99,58002.84,52403.13,47254.04,43507.72,40023.48,37334.64,34382.39,31854.80,27399.85,22833.74,21284.58,18639.95,15302.68,13028.33,11482.11,9753.37,8040.66,6927.70,6164.79,5461.27,5065.50,4695.93,4195.76,3563.90,2689.28,1925.91,1375.70,1089.33,904.69,849.44,770.25,606.99,502.47,429.16,323.25,257.09,234.01,204.86,179.92,157.75,123.72,100.00,87.27,84.23,86.57,86.99,84.39,70.43,69.17,62.70,54.94,56.35,58.28,55.67,51.75,46.60,43.35,40.56,47.25,47.35,43.75,37.27,33.54,30.53,28.65,27.24,24.53
浙江省_地区生产总值(亿元)_第一产业_本期值,2166.26,2086.70,1975.89,1933.92,1890.43,1771.36,1726.57,1718.74,1610.81,1535.20,1322.85,1134.68,1073.30,969.27,913.16,881.47,803.83,717.85,685.20,659.78,630.97,606.32,609.30,618.90,594.93,549.95,438.65,315.97,262.67,245.22,225.04,210.95,195.68,159.41,136.29,123.88,104.40,82.89,84.88,69.06,64.61,67.56,47.09,39.18,39.57,39.20,42.10,39.22,39.78,31.98,32.28,30.27,28.57,27.55,28.01,25.97,24.92,23.37,20.24,16.95,15.94,17.80,18.27,19.29,18.91,18.78,17.76,16.55,16.28
浙江省_地区生产总值(亿元)_农林牧渔业_本期值,,2135.87,2019.32,1972.84,1925.48,1803.76,1755.99,,,,,,,,,,,,,,,,,,,,,,,,,,,,,,,,,,,,,,,,,,,,,,,,,,,,,,,,,,,,,,
浙江省_地区生产总值(亿元)_第二产业_本期值,26361.5,26299.51,25308.13,23246.72,21571.25,20606.55,19580.72,18162.78,17040.53,16271.04,14140.90,11882.36,11512.68,10122.74,8295.66,6953.67,6160.40,5126.27,4112.87,3590.07,3287.10,2983.27,2772.28,2557.87,2233.98,1856.32,1395.61,982.19,652.26,494.11,408.18,386.25,354.39,281.47,230.89,198.91,141.48,113.12,98.44,94.68,84.07,64.07,53.52,41.52,30.72,28.63,28.34,31.89,29.22,23.49,22.42,18.84,13.78,15.69,17.01,16.93,14.68,12.26,11.76,12.27,18.12,16.89,14.37,7.93,5.60,3.88,4.13,3.86,2.78
浙江省_地区生产总值(亿元)_工业_本期值,,22520.94,21621.19,20038.67,18661.48,17803.30,16955.25,15835.77,14853.27,14277.77,12432.05,10491.27,10317.04,9093.98,7418.99,6177.64,5428.69,4501.61,3670.38,3205.39,2964.69,2693.52,2495.25,2293.10,1989.68,1650.60,1243.37,876.26,581.73,438.36,363.74,346.50,315.36,249.69,206.63,178.68,127.91,102.55,87.21,84.08,73.71,55.59,46.97,37.07,27.00,25.48,25.34,28.98,26.34,20.71,20.30,17.01,12.41,14.23,15.28,15.09,12.98,10.79,10.61,11.02,15.43,14.17,11.80,6.49,4.43,3.30,3.62,3.27,2.29
浙江省_地区生产总值(亿元)_第三产业_本期值,36161.3,34075.77,30718.83,27222.48,23792.36,21129.81,18716.19,17453.12,15731.05,14048.56,11936.10,9816.70,8698.60,7547.94,6093.87,5193.19,4517.87,3909.25,3242.59,2677.85,2246.72,1871.68,1683.92,1519.16,1366.85,1157.63,855.02,627.75,460.77,350.00,271.47,252.24,220.18,166.11,135.29,106.37,77.37,61.08,50.69,41.12,31.24,26.12,23.11,19.30,16.98,16.40,16.13,15.88,15.39,14.96,14.47,13.59,12.59,13.11,13.26,12.77,12.15,10.97,11.35,11.34,13.19,12.66,11.11,10.05,9.03,7.87,6.76,6.83,5.47
浙江省_地区生产总值(亿元)_交通运输、仓储和邮政业_本期值,,1980.11,1852.77,1742.57,1605.92,1499.48,1383.83,,,,,,,,,,,,,,,,,,,,,,,,,,,,,,,,,,,,,,,,,,,,,,,,,,,,,,,,,,,,,,
浙江省_地区生产总值(亿元)_信息传输、计算机服务和软件业_本期值,,3613.82,2959.67,2599.47,2060.89,1630.54,1310.26,,,,,,,,,,,,,,,,,,,,,,,,,,,,,,,,,,,,,,,,,,,,,,,,,,,,,,,,,,,,,,
浙江省_地区生产总值(亿元)_批发和零售业_本期值,,7360.24,6852.98,6323.62,5828.61,5290.55,4808.82,,,,,,,,,,,,,,,,,,,,,,,,,,,,,,,,,,,,,,,,,,,,,,,,,,,,,,,,,,,,,,
浙江省_地区生产总值(亿元)_住宿和餐饮业_本期值,,1085.50,991.89,941.31,889.41,813.82,726.08,,,,,,,,,,,,,,,,,,,,,,,,,,,,,,,,,,,,,,,,,,,,,,,,,,,,,,,,,,,,,,
浙江省_地区生产总值(亿元)_金融业_本期值,,4903.95,4506.32,3770.57,3229.67,2956.28,2824.43,,,,,,,,,,,,,,,,,,,,,,,,,,,,,,,,,,,,,,,,,,,,,,,,,,,,,,,,,,,,,,
浙江省_地区生产总值(亿元)_房地产业_本期值,,4617.99,4117.13,3511.73,2785.18,2436.64,2141.99,,,,,,,,,,,,,,,,,,,,,,,,,,,,,,,,,,,,,,,,,,,,,,,,,,,,,,,,,,,,,,
浙江省_地区生产总值(亿元)_租赁和商务服务业_本期值,,1941.91,1737.82,1482.28,1338.64,1146.73,943.38,,,,,,,,,,,,,,,,,,,,,,,,,,,,,,,,,,,,,,,,,,,,,,,,,,,,,,,,,,,,,,
浙江省_地区生产总值(亿元)_科学研究和技术服务业_本期值,,1145.24,963.23,841.86,720.98,598.89,519.04,,,,,,,,,,,,,,,,,,,,,,,,,,,,,,,,,,,,,,,,,,,,,,,,,,,,,,,,,,,,,,
浙江省_地区生产总值(亿元)_水利、环境和公共设施管理业_本期值,,378.74,343.14,309.28,320.80,281.16,241.88,,,,,,,,,,,,,,,,,,,,,,,,,,,,,,,,,,,,,,,,,,,,,,,,,,,,,,,,,,,,,,
浙江省_地区生产总值(亿元)_居民服务、修理和其他服务业_本期值,,676.52,577.76,546.37,532.18,506.24,474.02,,,,,,,,,,,,,,,,,,,,,,,,,,,,,,,,,,,,,,,,,,,,,,,,,,,,,,,,,,,,,,
浙江省_地区生产总值(亿元)_教育_本期值,,2078.13,1889.62,1662.18,1444.43,1272.39,1091.93,,,,,,,,,,,,,,,,,,,,,,,,,,,,,,,,,,,,,,,,,,,,,,,,,,,,,,,,,,,,,,
浙江省_地区生产总值(亿元)_卫生和社会工作_本期值,,1503.95,1389.50,1206.13,991.86,881.86,672.84,,,,,,,,,,,,,,,,,,,,,,,,,,,,,,,,,,,,,,,,,,,,,,,,,,,,,,,,,,,,,,
浙江省_地区生产总值(亿元)_文化、体育和娱乐业_本期值,,516.07,468.79,405.80,368.50,333.77,279.50,,,,,,,,,,,,,,,,,,,,,,,,,,,,,,,,,,,,,,,,,,,,,,,,,,,,,,,,,,,,,,
浙江省_地区生产总值(亿元)_公共管理和社会组织_本期值,,2170.91,1974.14,1786.14,1590.63,1398.58,1213.36,,,,,,,,,,,,,,,,,,,,,,,,,,,,,,,,,,,,,,,,,,,,,,,,,,,,,,,,,,,,,,
浙江省_地区生产总值(亿元)_劳动者报酬_本期值,,,28552.75,25026.48,22669.93,21027.28,18611.86,,,,,,,,,,,,,,,,,,,,,,,,,,,,,,,,,,,,,,,,,,,,,,,,,,,,,,,,,,,,,,
浙江省_地区生产总值(亿元)_生产税净额_本期值,,,6887.49,7113.85,6244.79,5811.53,5692.61,,,,,,,,,,,,,,,,,,,,,,,,,,,,,,,,,,,,,,,,,,,,,,,,,,,,,,,,,,,,,,
浙江省_地区生产总值(亿元)_固定资产折旧_本期值,,,8632.14,6803.83,6231.82,6030.05,5290.39,,,,,,,,,,,,,,,,,,,,,,,,,,,,,,,,,,,,,,,,,,,,,,,,,,,,,,,,,,,,,,
浙江省_地区生产总值(亿元)_营业盈余_本期值,,,13930.47,13458.97,12107.5,10638.86,10428.62,,,,,,,,,,,,,,,,,,,,,,,,,,,,,,,,,,,,,,,,,,,,,,,,,,,,,,,,,,,,,,
杭州市_地区生产总值(亿元)_本期值,,15373.05,14306.72,13160.72,11709.45,10495.28,8639.91,7968.58,7968.58,7153.03,6049.56,5181.80,4850.59,4155.84,3483.41,2973.74,2566.46,2118.71,1798.96,1582.94,1395.67,1225.28,1134.89,1134.89,906.61,762.01,585.52,424.71,290.07,227.95,189.62,166.29,152.54,126.02,105.36,90.49,69.47,55.89,50.19,46.82,40.65,33.53,28.40,,,,,,,,,,,,,,,,,,,,,,,,,,
杭州市_地区生产总值(亿元)_第一产业_本期值,,325.7,305.56,299.96,293.63,278.98,254.74,249.44,249.44,232.32,205.34,188.45,178.50,162.85,149.88,140.29,132.23,126.59,114.64,111.46,103.96,97.58,96.06,96.06,84.00,69.25,57.51,41.94,34.90,33.40,30.94,28.27,25.68,20.44,17.76,15.97,12.64,10.11,10.88,9.10,8.15,8.39,6.34,,,,,,,,,,,,,,,,,,,,,,,,,,
杭州市_地区生产总值(亿元)_第二产业_本期值,,4875.07,4694.06,4453.44,4226.87,4133.92,3649.62,3553.18,3553.18,3326.34,2861.45,2404.92,2419.08,2085.15,1763.65,1524.25,1334.99,1087.74,912.78,803.16,717.88,630.75,587.96,587.96,477.62,410.00,314.34,226.44,148.78,113.11,96.17,89.67,85.53,71.89,60.13,52.09,40.55,33.44,29.47,28.76,25.35,19.41,16.93,,,,,,,,,,,,,,,,,,,,,,,,,,
杭州市_地区生产总值(亿元)_工业_本期值,,4288.42,4132.57,3932.46,3729.31,3641.77,3185.78,3113.64,3113.64,2908.90,2477.75,2101.00,2160.52,1873.95,1583.56,1353.34,1178.64,944.81,783.88,684.47,615.28,539.47,511.12,511.12,424.02,365.83,283.46,205.59,136.29,103.63,87.88,,,,,,,,,,,,,,,,,,,,,,,,,,,,,,,,,,,,,,
杭州市_地区生产总值(亿元)_第三产业_本期值,,10172.28,9307.10,8407.32,7188.96,6082.38,4735.54,4165.95,4165.95,3594.38,2982.77,2588.44,2253.01,1907.84,1569.89,1309.21,1099.24,904.38,771.53,668.32,573.83,496.95,450.88,450.88,344.99,282.75,213.67,156.33,106.38,81.44,62.51,48.35,41.33,33.69,27.47,22.44,16.27,12.34,9.84,8.96,7.14,5.73,5.13,,,,,,,,,,,,,,,,,,,,,,,,,,
萧山区_地区生产总值(亿元)_本期值,1828.50,,,,,,,,,,,,,,,,,,,,,,,,,,,,,,,,,,,,,,,,,,,,,,,,,,,,,,,,,,,,,,,,,,,,
萧山区_地区生产总值(亿元)_第一产业_本期值,57.90,,,,,,,,,,,,,,,,,,,,,,,,,,,,,,,,,,,,,,,,,,,,,,,,,,,,,,,,,,,,,,,,,,,,
萧山区_地区生产总值(亿元)_第二产业_本期值,693.40,,,,,,,,,,,,,,,,,,,,,,,,,,,,,,,,,,,,,,,,,,,,,,,,,,,,,,,,,,,,,,,,,,,,
萧山区_地区生产总值(亿元)_工业_本期值,618.20,,,,,,,,,,,,,,,,,,,,,,,,,,,,,,,,,,,,,,,,,,,,,,,,,,,,,,,,,,,,,,,,,,,,
萧山区_地区生产总值(亿元)_第三产业_本期值,1077.20,,,,,,,,,,,,,,,,,,,,,,,,,,,,,,,,,,,,,,,,,,,,,,,,,,,,,,,,,,,,,,,,,,,,
余杭区_地区生产总值(亿元)_本期值,3051.60,,,,,,,,,,,,,,,,,,,,,,,,,,,,,,,,,,,,,,,,,,,,,,,,,,,,,,,,,,,,,,,,,,,,
余杭区_地区生产总值(亿元)_第一产业_本期值,52.60,,,,,,,,,,,,,,,,,,,,,,,,,,,,,,,,,,,,,,,,,,,,,,,,,,,,,,,,,,,,,,,,,,,,
余杭区_地区生产总值(亿元)_第二产业_本期值,676.90,,,,,,,,,,,,,,,,,,,,,,,,,,,,,,,,,,,,,,,,,,,,,,,,,,,,,,,,,,,,,,,,,,,,
余杭区_地区生产总值(亿元)_工业_本期值,626.20,,,,,,,,,,,,,,,,,,,,,,,,,,,,,,,,,,,,,,,,,,,,,,,,,,,,,,,,,,,,,,,,,,,,
余杭区_地区生产总值(亿元)_第三产业_本期值,2322.10,,,,,,,,,,,,,,,,,,,,,,,,,,,,,,,,,,,,,,,,,,,,,,,,,,,,,,,,,,,,,,,,,,,,
富阳区_地区生产总值(亿元)_本期值,812.10,,,,,,,,,,,,,,,,,,,,,,,,,,,,,,,,,,,,,,,,,,,,,,,,,,,,,,,,,,,,,,,,,,,,
富阳区_地区生产总值(亿元)_第一产业_本期值,49.50,,,,,,,,,,,,,,,,,,,,,,,,,,,,,,,,,,,,,,,,,,,,,,,,,,,,,,,,,,,,,,,,,,,,
富阳区_地区生产总值(亿元)_第二产业_本期值,345.00,,,,,,,,,,,,,,,,,,,,,,,,,,,,,,,,,,,,,,,,,,,,,,,,,,,,,,,,,,,,,,,,,,,,
富阳区_地区生产总值(亿元)_工业_本期值,296.80,,,,,,,,,,,,,,,,,,,,,,,,,,,,,,,,,,,,,,,,,,,,,,,,,,,,,,,,,,,,,,,,,,,,
富阳区_地区生产总值(亿元)_第三产业_本期值,417.50,,,,,,,,,,,,,,,,,,,,,,,,,,,,,,,,,,,,,,,,,,,,,,,,,,,,,,,,,,,,,,,,,,,,
临安区_地区生产总值(亿元)_本期值,600.40,,,,,,,,,,,,,,,,,,,,,,,,,,,,,,,,,,,,,,,,,,,,,,,,,,,,,,,,,,,,,,,,,,,,
临安区_地区生产总值(亿元)_第一产业_本期值,46.00,,,,,,,,,,,,,,,,,,,,,,,,,,,,,,,,,,,,,,,,,,,,,,,,,,,,,,,,,,,,,,,,,,,,
临安区_地区生产总值(亿元)_第二产业_本期值,280.00,,,,,,,,,,,,,,,,,,,,,,,,,,,,,,,,,,,,,,,,,,,,,,,,,,,,,,,,,,,,,,,,,,,,
临安区_地区生产总值(亿元)_工业_本期值,236.30,,,,,,,,,,,,,,,,,,,,,,,,,,,,,,,,,,,,,,,,,,,,,,,,,,,,,,,,,,,,,,,,,,,,
临安区_地区生产总值(亿元)_第三产业_本期值,274.40,,,,,,,,,,,,,,,,,,,,,,,,,,,,,,,,,,,,,,,,,,,,,,,,,,,,,,,,,,,,,,,,,,,,
桐庐县_地区生产总值(亿元)_本期值,376.30,,,,,,,,,,,,,,,,,,,,,,,,,,,,,,,,,,,,,,,,,,,,,,,,,,,,,,,,,,,,,,,,,,,,
桐庐县_地区生产总值(亿元)_第一产业_本期值,25.40,,,,,,,,,,,,,,,,,,,,,,,,,,,,,,,,,,,,,,,,,,,,,,,,,,,,,,,,,,,,,,,,,,,,
桐庐县_地区生产总值(亿元)_第二产业_本期值,160.80,,,,,,,,,,,,,,,,,,,,,,,,,,,,,,,,,,,,,,,,,,,,,,,,,,,,,,,,,,,,,,,,,,,,
桐庐县_地区生产总值(亿元)_工业_本期值,131.20,,,,,,,,,,,,,,,,,,,,,,,,,,,,,,,,,,,,,,,,,,,,,,,,,,,,,,,,,,,,,,,,,,,,
桐庐县_地区生产总值(亿元)_第三产业_本期值,190.10,,,,,,,,,,,,,,,,,,,,,,,,,,,,,,,,,,,,,,,,,,,,,,,,,,,,,,,,,,,,,,,,,,,,
淳安县_地区生产总值(亿元)_本期值,240.60,,,,,,,,,,,,,,,,,,,,,,,,,,,,,,,,,,,,,,,,,,,,,,,,,,,,,,,,,,,,,,,,,,,,
淳安县_地区生产总值(亿元)_第一产业_本期值,38.40,,,,,,,,,,,,,,,,,,,,,,,,,,,,,,,,,,,,,,,,,,,,,,,,,,,,,,,,,,,,,,,,,,,,
淳安县_地区生产总值(亿元)_第二产业_本期值,62.40,,,,,,,,,,,,,,,,,,,,,,,,,,,,,,,,,,,,,,,,,,,,,,,,,,,,,,,,,,,,,,,,,,,,
淳安县_地区生产总值(亿元)_工业_本期值,37.90,,,,,,,,,,,,,,,,,,,,,,,,,,,,,,,,,,,,,,,,,,,,,,,,,,,,,,,,,,,,,,,,,,,,
淳安县_地区生产总值(亿元)_第三产业_本期值,139.80,,,,,,,,,,,,,,,,,,,,,,,,,,,,,,,,,,,,,,,,,,,,,,,,,,,,,,,,,,,,,,,,,,,,
建德市_地区生产总值(亿元)_本期值,391.90,,,,,,,,,,,,,,,,,,,,,,,,,,,,,,,,,,,,,,,,,,,,,,,,,,,,,,,,,,,,,,,,,,,,
建德市_地区生产总值(亿元)_第一产业_本期值,37.20,,,,,,,,,,,,,,,,,,,,,,,,,,,,,,,,,,,,,,,,,,,,,,,,,,,,,,,,,,,,,,,,,,,,
建德市_地区生产总值(亿元)_第二产业_本期值,182.00,,,,,,,,,,,,,,,,,,,,,,,,,,,,,,,,,,,,,,,,,,,,,,,,,,,,,,,,,,,,,,,,,,,,
建德市_地区生产总值(亿元)_工业_本期值,149.00,,,,,,,,,,,,,,,,,,,,,,,,,,,,,,,,,,,,,,,,,,,,,,,,,,,,,,,,,,,,,,,,,,,,
建德市_地区生产总值(亿元)_第三产业_本期值,172.80,,,,,,,,,,,,,,,,,,,,,,,,,,,,,,,,,,,,,,,,,,,,,,,,,,,,,,,,,,,,,,,,,,,,
宁波市_地区生产总值(亿元)_本期值,,11985.12,11193.14,10146.55,8972.83,8295.35,7432.09,6862.02,6862.02,6212.56,5264.70,4405.12,3982.92,3449.62,2891.84,2462.09,2119.65,1749.27,1453.34,1278.75,1144.57,1017.08,952.79,952.79,784.07,602.65,459.66,315.11,213.05,169.86,141.40,137.25,118.62,95.99,80.22,71.05,53.17,41.68,36.88,31.99,29.53,24.15,20.17,,,,,,,,,,,,,,,,,,,,,,,,,,
宁波市_地区生产总值(亿元)_第一产业_本期值,,322.27,302.33,297.05,290.72,275.13,265.15,263.99,263.99,251.58,216.66,182.04,165.95,150.87,132.73,132.25,120.54,109.76,103.60,98.53,94.24,91.85,87.76,87.76,92.21,81.11,63.48,46.09,35.32,32.75,29.35,31.14,27.11,22.11,18.61,16.85,14.93,10.91,11.20,7.85,8.69,7.99,6.52,,,,,,,,,,,,,,,,,,,,,,,,,,
宁波市_地区生产总值(亿元)_第二产业_本期值,,5782.92,5507.15,5119.01,4463.78,4210.91,3794.14,3572.82,3572.82,3394.02,2915.09,2400.69,2224.41,1923.42,1602.87,1355.66,1176.97,954.04,793.01,690.81,635.83,564.07,528.73,528.73,442.64,338.99,260.98,189.12,128.70,98.39,80.31,77.69,66.43,53.99,44.47,40.40,28.23,22.63,18.79,18.11,15.54,11.43,9.69,,,,,,,,,,,,,,,,,,,,,,,,,,
宁波市_地区生产总值(亿元)_工业_本期值,,5164.64,4898.77,4579.74,3953.81,3717.89,3381.56,3184.04,3184.04,3031.87,2613.74,2141.05,1989.04,1731.59,1434.14,1197.50,1036.42,847.79,715.24,624.92,578.30,512.84,478.67,478.67,390.74,295.90,227.59,165.61,116.20,88.69,72.46,71.02,60.28,48.76,40.59,,,,,,,,,,,,,,,,,,,,,,,,,,,,,,,,,,
宁波市_地区生产总值(亿元)_第三产业_本期值,,5879.93,5383.66,4730.50,4218.33,3809.31,3372.81,3025.21,3025.21,2566.97,2132.95,1822.40,1592.56,1375.33,1156.23,974.18,822.14,685.48,556.73,489.42,414.50,361.16,336.29,336.29,249.22,182.55,135.21,79.90,49.03,38.72,31.74,28.42,25.09,19.89,17.14,13.81,10.01,8.14,6.89,6.03,5.31,4.73,3.95,,,,,,,,,,,,,,,,,,,,,,,,,,
海曙区_地区生产总值(亿元)_本期值,1201.18,,,,,,,,,,,,,,,,,,,,,,,,,,,,,,,,,,,,,,,,,,,,,,,,,,,,,,,,,,,,,,,,,,,,
海曙区_地区生产总值(亿元)_第一产业_本期值,16.18,,,,,,,,,,,,,,,,,,,,,,,,,,,,,,,,,,,,,,,,,,,,,,,,,,,,,,,,,,,,,,,,,,,,
海曙区_地区生产总值(亿元)_第二产业_本期值,361.08,,,,,,,,,,,,,,,,,,,,,,,,,,,,,,,,,,,,,,,,,,,,,,,,,,,,,,,,,,,,,,,,,,,,
海曙区_地区生产总值(亿元)_工业_本期值,283.21,,,,,,,,,,,,,,,,,,,,,,,,,,,,,,,,,,,,,,,,,,,,,,,,,,,,,,,,,,,,,,,,,,,,
海曙区_地区生产总值(亿元)_第三产业_本期值,823.92,,,,,,,,,,,,,,,,,,,,,,,,,,,,,,,,,,,,,,,,,,,,,,,,,,,,,,,,,,,,,,,,,,,,
江北区_地区生产总值(亿元)_本期值,666.70,,,,,,,,,,,,,,,,,,,,,,,,,,,,,,,,,,,,,,,,,,,,,,,,,,,,,,,,,,,,,,,,,,,,
江北区_地区生产总值(亿元)_第一产业_本期值,8.57,,,,,,,,,,,,,,,,,,,,,,,,,,,,,,,,,,,,,,,,,,,,,,,,,,,,,,,,,,,,,,,,,,,,
江北区_地区生产总值(亿元)_第二产业_本期值,204.62,,,,,,,,,,,,,,,,,,,,,,,,,,,,,,,,,,,,,,,,,,,,,,,,,,,,,,,,,,,,,,,,,,,,
江北区_地区生产总值(亿元)_工业_本期值,167.01,,,,,,,,,,,,,,,,,,,,,,,,,,,,,,,,,,,,,,,,,,,,,,,,,,,,,,,,,,,,,,,,,,,,
江北区_地区生产总值(亿元)_第三产业_本期值,453.51,,,,,,,,,,,,,,,,,,,,,,,,,,,,,,,,,,,,,,,,,,,,,,,,,,,,,,,,,,,,,,,,,,,,
北仑区_地区生产总值(亿元)_本期值,2020.49,,,,,,,,,,,,,,,,,,,,,,,,,,,,,,,,,,,,,,,,,,,,,,,,,,,,,,,,,,,,,,,,,,,,
北仑区_地区生产总值(亿元)_第一产业_本期值,8.46,,,,,,,,,,,,,,,,,,,,,,,,,,,,,,,,,,,,,,,,,,,,,,,,,,,,,,,,,,,,,,,,,,,,
北仑区_地区生产总值(亿元)_第二产业_本期值,989.85,,,,,,,,,,,,,,,,,,,,,,,,,,,,,,,,,,,,,,,,,,,,,,,,,,,,,,,,,,,,,,,,,,,,
北仑区_地区生产总值(亿元)_工业_本期值,928.22,,,,,,,,,,,,,,,,,,,,,,,,,,,,,,,,,,,,,,,,,,,,,,,,,,,,,,,,,,,,,,,,,,,,
北仑区_地区生产总值(亿元)_第三产业_本期值,1022.18,,,,,,,,,,,,,,,,,,,,,,,,,,,,,,,,,,,,,,,,,,,,,,,,,,,,,,,,,,,,,,,,,,,,
镇海区_地区生产总值(亿元)_本期值,1030.06,,,,,,,,,,,,,,,,,,,,,,,,,,,,,,,,,,,,,,,,,,,,,,,,,,,,,,,,,,,,,,,,,,,,
镇海区_地区生产总值(亿元)_第一产业_本期值,6.52,,,,,,,,,,,,,,,,,,,,,,,,,,,,,,,,,,,,,,,,,,,,,,,,,,,,,,,,,,,,,,,,,,,,
镇海区_地区生产总值(亿元)_第二产业_本期值,657.62,,,,,,,,,,,,,,,,,,,,,,,,,,,,,,,,,,,,,,,,,,,,,,,,,,,,,,,,,,,,,,,,,,,,
镇海区_地区生产总值(亿元)_工业_本期值,608.31,,,,,,,,,,,,,,,,,,,,,,,,,,,,,,,,,,,,,,,,,,,,,,,,,,,,,,,,,,,,,,,,,,,,
镇海区_地区生产总值(亿元)_第三产业_本期值,365.92,,,,,,,,,,,,,,,,,,,,,,,,,,,,,,,,,,,,,,,,,,,,,,,,,,,,,,,,,,,,,,,,,,,,
鄞州区_地区生产总值(亿元)_本期值,2266.14,,,,,,,,,,,,,,,,,,,,,,,,,,,,,,,,,,,,,,,,,,,,,,,,,,,,,,,,,,,,,,,,,,,,
鄞州区_地区生产总值(亿元)_第一产业_本期值,27.15,,,,,,,,,,,,,,,,,,,,,,,,,,,,,,,,,,,,,,,,,,,,,,,,,,,,,,,,,,,,,,,,,,,,
鄞州区_地区生产总值(亿元)_第二产业_本期值,608.95,,,,,,,,,,,,,,,,,,,,,,,,,,,,,,,,,,,,,,,,,,,,,,,,,,,,,,,,,,,,,,,,,,,,
鄞州区_地区生产总值(亿元)_工业_本期值,477.61,,,,,,,,,,,,,,,,,,,,,,,,,,,,,,,,,,,,,,,,,,,,,,,,,,,,,,,,,,,,,,,,,,,,
鄞州区_地区生产总值(亿元)_第三产业_本期值,1630.04,,,,,,,,,,,,,,,,,,,,,,,,,,,,,,,,,,,,,,,,,,,,,,,,,,,,,,,,,,,,,,,,,,,,
奉化区_地区生产总值(亿元)_本期值,685.77,,,,,,,,,,,,,,,,,,,,,,,,,,,,,,,,,,,,,,,,,,,,,,,,,,,,,,,,,,,,,,,,,,,,
奉化区_地区生产总值(亿元)_第一产业_本期值,32.73,,,,,,,,,,,,,,,,,,,,,,,,,,,,,,,,,,,,,,,,,,,,,,,,,,,,,,,,,,,,,,,,,,,,
奉化区_地区生产总值(亿元)_第二产业_本期值,412.28,,,,,,,,,,,,,,,,,,,,,,,,,,,,,,,,,,,,,,,,,,,,,,,,,,,,,,,,,,,,,,,,,,,,
奉化区_地区生产总值(亿元)_工业_本期值,368.32,,,,,,,,,,,,,,,,,,,,,,,,,,,,,,,,,,,,,,,,,,,,,,,,,,,,,,,,,,,,,,,,,,,,
奉化区_地区生产总值(亿元)_第三产业_本期值,240.76,,,,,,,,,,,,,,,,,,,,,,,,,,,,,,,,,,,,,,,,,,,,,,,,,,,,,,,,,,,,,,,,,,,,
象山县_地区生产总值(亿元)_本期值,563.00,,,,,,,,,,,,,,,,,,,,,,,,,,,,,,,,,,,,,,,,,,,,,,,,,,,,,,,,,,,,,,,,,,,,
象山县_地区生产总值(亿元)_第一产业_本期值,81.69,,,,,,,,,,,,,,,,,,,,,,,,,,,,,,,,,,,,,,,,,,,,,,,,,,,,,,,,,,,,,,,,,,,,
象山县_地区生产总值(亿元)_第二产业_本期值,234.64,,,,,,,,,,,,,,,,,,,,,,,,,,,,,,,,,,,,,,,,,,,,,,,,,,,,,,,,,,,,,,,,,,,,
象山县_地区生产总值(亿元)_工业_本期值,164.89,,,,,,,,,,,,,,,,,,,,,,,,,,,,,,,,,,,,,,,,,,,,,,,,,,,,,,,,,,,,,,,,,,,,
象山县_地区生产总值(亿元)_第三产业_本期值,246.67,,,,,,,,,,,,,,,,,,,,,,,,,,,,,,,,,,,,,,,,,,,,,,,,,,,,,,,,,,,,,,,,,,,,
宁海县_地区生产总值(亿元)_本期值,722.55,,,,,,,,,,,,,,,,,,,,,,,,,,,,,,,,,,,,,,,,,,,,,,,,,,,,,,,,,,,,,,,,,,,,
宁海县_地区生产总值(亿元)_第一产业_本期值,48.20,,,,,,,,,,,,,,,,,,,,,,,,,,,,,,,,,,,,,,,,,,,,,,,,,,,,,,,,,,,,,,,,,,,,
宁海县_地区生产总值(亿元)_第二产业_本期值,354.75,,,,,,,,,,,,,,,,,,,,,,,,,,,,,,,,,,,,,,,,,,,,,,,,,,,,,,,,,,,,,,,,,,,,
宁海县_地区生产总值(亿元)_工业_本期值,306.59,,,,,,,,,,,,,,,,,,,,,,,,,,,,,,,,,,,,,,,,,,,,,,,,,,,,,,,,,,,,,,,,,,,,
宁海县_地区生产总值(亿元)_第三产业_本期值,319.60,,,,,,,,,,,,,,,,,,,,,,,,,,,,,,,,,,,,,,,,,,,,,,,,,,,,,,,,,,,,,,,,,,,,
余姚市_地区生产总值(亿元)_本期值,1220.72,,,,,,,,,,,,,,,,,,,,,,,,,,,,,,,,,,,,,,,,,,,,,,,,,,,,,,,,,,,,,,,,,,,,
余姚市_地区生产总值(亿元)_第一产业_本期值,50.19,,,,,,,,,,,,,,,,,,,,,,,,,,,,,,,,,,,,,,,,,,,,,,,,,,,,,,,,,,,,,,,,,,,,
余姚市_地区生产总值(亿元)_第二产业_本期值,701.46,,,,,,,,,,,,,,,,,,,,,,,,,,,,,,,,,,,,,,,,,,,,,,,,,,,,,,,,,,,,,,,,,,,,
余姚市_地区生产总值(亿元)_工业_本期值,656.75,,,,,,,,,,,,,,,,,,,,,,,,,,,,,,,,,,,,,,,,,,,,,,,,,,,,,,,,,,,,,,,,,,,,
余姚市_地区生产总值(亿元)_第三产业_本期值,469.07,,,,,,,,,,,,,,,,,,,,,,,,,,,,,,,,,,,,,,,,,,,,,,,,,,,,,,,,,,,,,,,,,,,,
慈溪市_地区生产总值(亿元)_本期值,2008.30,,,,,,,,,,,,,,,,,,,,,,,,,,,,,,,,,,,,,,,,,,,,,,,,,,,,,,,,,,,,,,,,,,,,
慈溪市_地区生产总值(亿元)_第一产业_本期值,58.38,,,,,,,,,,,,,,,,,,,,,,,,,,,,,,,,,,,,,,,,,,,,,,,,,,,,,,,,,,,,,,,,,,,,
慈溪市_地区生产总值(亿元)_第二产业_本期值,1168.38,,,,,,,,,,,,,,,,,,,,,,,,,,,,,,,,,,,,,,,,,,,,,,,,,,,,,,,,,,,,,,,,,,,,
慈溪市_地区生产总值(亿元)_工业_本期值,1083.82,,,,,,,,,,,,,,,,,,,,,,,,,,,,,,,,,,,,,,,,,,,,,,,,,,,,,,,,,,,,,,,,,,,,
慈溪市_地区生产总值(亿元)_第三产业_本期值,781.54,,,,,,,,,,,,,,,,,,,,,,,,,,,,,,,,,,,,,,,,,,,,,,,,,,,,,,,,,,,,,,,,,,,,
温州市_地区生产总值(亿元)_本期值,,6606.11,6039.77,5412.13,5125.01,4670.35,4067.91,3706.52,3706.52,3436.58,2943.71,2539.62,2422.19,2156.47,1834.44,1597.40,1388.91,1212.49,1052.35,924.30,822.02,729.07,672.06,672.06,507.05,401.66,295.86,196.06,126.86,92.92,77.90,72.84,69.21,54.96,44.91,37.80,30.21,24.34,21.37,19.18,17.97,15.02,13.22,,,,,,,,,,,,,,,,,,,,,,,,,,
温州市_地区生产总值(亿元)_第一产业_本期值,,151.72,142.22,140.33,132.29,123.38,109.63,110.39,110.39,104.72,91.55,78.95,74.65,67.82,63.13,64.89,62.03,55.67,54.49,56.19,53.21,52.37,53.13,53.13,47.37,41.42,30.63,26.18,23.74,24.35,21.34,20.78,20.59,17.58,14.08,12.80,11.27,9.32,8.86,6.99,6.84,6.25,5.57,,,,,,,,,,,,,,,,,,,,,,,,,,
温州市_地区生产总值(亿元)_第二产业_本期值,,2811.93,2638.06,2336.69,2234.36,2164.26,1959.88,1827.23,1827.23,1736.35,1519.10,1319.08,1298.05,1172.01,1014.12,872.06,746.15,660.42,568.82,502.25,455.63,404.84,381.04,381.04,295.24,231.11,172.66,114.47,66.40,41.27,34.80,31.66,29.07,23.31,19.42,16.10,11.64,9.18,7.58,7.89,7.31,5.54,4.74,,,,,,,,,,,,,,,,,,,,,,,,,,
温州市_地区生产总值(亿元)_工业_本期值,,2311.00,2143.26,1898.63,1860.13,1801.22,1684.04,1576.15,1576.15,1516.32,1366.01,1190.43,1181.30,1065.45,923.23,800.29,679.41,600.69,502.38,443.79,403.82,356.87,329.56,329.56,247.70,191.11,147.21,99.62,57.66,,,,,,,,,,,,,,,,,,,,,,,,,,,,,,,,,,,,,,,,
温州市_地区生产总值(亿元)_第三产业_本期值,,3642.46,3259.49,2935.12,2758.36,2382.72,1998.39,1768.90,1768.90,1595.51,1333.07,1141.59,1049.48,916.64,757.19,660.45,580.73,496.39,429.04,365.86,313.18,271.87,237.88,237.88,164.44,129.14,92.58,55.41,36.73,27.30,21.76,20.40,19.55,14.07,11.42,8.90,7.29,5.84,4.92,4.29,3.81,3.23,2.90,,,,,,,,,,,,,,,,,,,,,,,,,,
鹿城区_地区生产总值(亿元)_本期值,1172.32,,,,,,,,,,,,,,,,,,,,,,,,,,,,,,,,,,,,,,,,,,,,,,,,,,,,,,,,,,,,,,,,,,,,
鹿城区_地区生产总值(亿元)_第一产业_本期值,2.04,,,,,,,,,,,,,,,,,,,,,,,,,,,,,,,,,,,,,,,,,,,,,,,,,,,,,,,,,,,,,,,,,,,,
鹿城区_地区生产总值(亿元)_第二产业_本期值,279.89,,,,,,,,,,,,,,,,,,,,,,,,,,,,,,,,,,,,,,,,,,,,,,,,,,,,,,,,,,,,,,,,,,,,
鹿城区_地区生产总值(亿元)_工业_本期值,200.45,,,,,,,,,,,,,,,,,,,,,,,,,,,,,,,,,,,,,,,,,,,,,,,,,,,,,,,,,,,,,,,,,,,,
鹿城区_地区生产总值(亿元)_第三产业_本期值,890.39,,,,,,,,,,,,,,,,,,,,,,,,,,,,,,,,,,,,,,,,,,,,,,,,,,,,,,,,,,,,,,,,,,,,
龙湾区_地区生产总值(亿元)_本期值,717.40,,,,,,,,,,,,,,,,,,,,,,,,,,,,,,,,,,,,,,,,,,,,,,,,,,,,,,,,,,,,,,,,,,,,
龙湾区_地区生产总值(亿元)_第一产业_本期值,2.96,,,,,,,,,,,,,,,,,,,,,,,,,,,,,,,,,,,,,,,,,,,,,,,,,,,,,,,,,,,,,,,,,,,,
龙湾区_地区生产总值(亿元)_第二产业_本期值,383.09,,,,,,,,,,,,,,,,,,,,,,,,,,,,,,,,,,,,,,,,,,,,,,,,,,,,,,,,,,,,,,,,,,,,
龙湾区_地区生产总值(亿元)_工业_本期值,336.11,,,,,,,,,,,,,,,,,,,,,,,,,,,,,,,,,,,,,,,,,,,,,,,,,,,,,,,,,,,,,,,,,,,,
龙湾区_地区生产总值(亿元)_第三产业_本期值,331.35,,,,,,,,,,,,,,,,,,,,,,,,,,,,,,,,,,,,,,,,,,,,,,,,,,,,,,,,,,,,,,,,,,,,
瓯海区_地区生产总值(亿元)_本期值,701.24,,,,,,,,,,,,,,,,,,,,,,,,,,,,,,,,,,,,,,,,,,,,,,,,,,,,,,,,,,,,,,,,,,,,
瓯海区_地区生产总值(亿元)_第一产业_本期值,6.66,,,,,,,,,,,,,,,,,,,,,,,,,,,,,,,,,,,,,,,,,,,,,,,,,,,,,,,,,,,,,,,,,,,,
瓯海区_地区生产总值(亿元)_第二产业_本期值,286.26,,,,,,,,,,,,,,,,,,,,,,,,,,,,,,,,,,,,,,,,,,,,,,,,,,,,,,,,,,,,,,,,,,,,
瓯海区_地区生产总值(亿元)_工业_本期值,206.15,,,,,,,,,,,,,,,,,,,,,,,,,,,,,,,,,,,,,,,,,,,,,,,,,,,,,,,,,,,,,,,,,,,,
瓯海区_地区生产总值(亿元)_第三产业_本期值,408.32,,,,,,,,,,,,,,,,,,,,,,,,,,,,,,,,,,,,,,,,,,,,,,,,,,,,,,,,,,,,,,,,,,,,
洞头区_地区生产总值(亿元)_本期值,114.42,,,,,,,,,,,,,,,,,,,,,,,,,,,,,,,,,,,,,,,,,,,,,,,,,,,,,,,,,,,,,,,,,,,,
洞头区_地区生产总值(亿元)_第一产业_本期值,6.52,,,,,,,,,,,,,,,,,,,,,,,,,,,,,,,,,,,,,,,,,,,,,,,,,,,,,,,,,,,,,,,,,,,,
洞头区_地区生产总值(亿元)_第二产业_本期值,47.44,,,,,,,,,,,,,,,,,,,,,,,,,,,,,,,,,,,,,,,,,,,,,,,,,,,,,,,,,,,,,,,,,,,,
洞头区_地区生产总值(亿元)_工业_本期值,27.20,,,,,,,,,,,,,,,,,,,,,,,,,,,,,,,,,,,,,,,,,,,,,,,,,,,,,,,,,,,,,,,,,,,,
洞头区_地区生产总值(亿元)_第三产业_本期值,60.45,,,,,,,,,,,,,,,,,,,,,,,,,,,,,,,,,,,,,,,,,,,,,,,,,,,,,,,,,,,,,,,,,,,,
永嘉县_地区生产总值(亿元)_本期值,461.89,,,,,,,,,,,,,,,,,,,,,,,,,,,,,,,,,,,,,,,,,,,,,,,,,,,,,,,,,,,,,,,,,,,,
永嘉县_地区生产总值(亿元)_第一产业_本期值,17.23,,,,,,,,,,,,,,,,,,,,,,,,,,,,,,,,,,,,,,,,,,,,,,,,,,,,,,,,,,,,,,,,,,,,
永嘉县_地区生产总值(亿元)_第二产业_本期值,195.58,,,,,,,,,,,,,,,,,,,,,,,,,,,,,,,,,,,,,,,,,,,,,,,,,,,,,,,,,,,,,,,,,,,,
永嘉县_地区生产总值(亿元)_工业_本期值,141.34,,,,,,,,,,,,,,,,,,,,,,,,,,,,,,,,,,,,,,,,,,,,,,,,,,,,,,,,,,,,,,,,,,,,
永嘉县_地区生产总值(亿元)_第三产业_本期值,249.08,,,,,,,,,,,,,,,,,,,,,,,,,,,,,,,,,,,,,,,,,,,,,,,,,,,,,,,,,,,,,,,,,,,,
平阳县_地区生产总值(亿元)_本期值,534.51,,,,,,,,,,,,,,,,,,,,,,,,,,,,,,,,,,,,,,,,,,,,,,,,,,,,,,,,,,,,,,,,,,,,
平阳县_地区生产总值(亿元)_第一产业_本期值,20.59,,,,,,,,,,,,,,,,,,,,,,,,,,,,,,,,,,,,,,,,,,,,,,,,,,,,,,,,,,,,,,,,,,,,
平阳县_地区生产总值(亿元)_第二产业_本期值,247.74,,,,,,,,,,,,,,,,,,,,,,,,,,,,,,,,,,,,,,,,,,,,,,,,,,,,,,,,,,,,,,,,,,,,
平阳县_地区生产总值(亿元)_工业_本期值,204.66,,,,,,,,,,,,,,,,,,,,,,,,,,,,,,,,,,,,,,,,,,,,,,,,,,,,,,,,,,,,,,,,,,,,
平阳县_地区生产总值(亿元)_第三产业_本期值,266.18,,,,,,,,,,,,,,,,,,,,,,,,,,,,,,,,,,,,,,,,,,,,,,,,,,,,,,,,,,,,,,,,,,,,
苍南县_地区生产总值(亿元)_本期值,363.09,,,,,,,,,,,,,,,,,,,,,,,,,,,,,,,,,,,,,,,,,,,,,,,,,,,,,,,,,,,,,,,,,,,,
苍南县_地区生产总值(亿元)_第一产业_本期值,28.01,,,,,,,,,,,,,,,,,,,,,,,,,,,,,,,,,,,,,,,,,,,,,,,,,,,,,,,,,,,,,,,,,,,,
苍南县_地区生产总值(亿元)_第二产业_本期值,127.92,,,,,,,,,,,,,,,,,,,,,,,,,,,,,,,,,,,,,,,,,,,,,,,,,,,,,,,,,,,,,,,,,,,,
苍南县_地区生产总值(亿元)_工业_本期值,73.91,,,,,,,,,,,,,,,,,,,,,,,,,,,,,,,,,,,,,,,,,,,,,,,,,,,,,,,,,,,,,,,,,,,,
苍南县_地区生产总值(亿元)_第三产业_本期值,207.15,,,,,,,,,,,,,,,,,,,,,,,,,,,,,,,,,,,,,,,,,,,,,,,,,,,,,,,,,,,,,,,,,,,,
文成县_地区生产总值(亿元)_本期值,112.01,,,,,,,,,,,,,,,,,,,,,,,,,,,,,,,,,,,,,,,,,,,,,,,,,,,,,,,,,,,,,,,,,,,,
文成县_地区生产总值(亿元)_第一产业_本期值,9.71,,,,,,,,,,,,,,,,,,,,,,,,,,,,,,,,,,,,,,,,,,,,,,,,,,,,,,,,,,,,,,,,,,,,
文成县_地区生产总值(亿元)_第二产业_本期值,28.34,,,,,,,,,,,,,,,,,,,,,,,,,,,,,,,,,,,,,,,,,,,,,,,,,,,,,,,,,,,,,,,,,,,,
文成县_地区生产总值(亿元)_工业_本期值,11.83,,,,,,,,,,,,,,,,,,,,,,,,,,,,,,,,,,,,,,,,,,,,,,,,,,,,,,,,,,,,,,,,,,,,
文成县_地区生产总值(亿元)_第三产业_本期值,73.97,,,,,,,,,,,,,,,,,,,,,,,,,,,,,,,,,,,,,,,,,,,,,,,,,,,,,,,,,,,,,,,,,,,,
泰顺县_地区生产总值(亿元)_本期值,121.99,,,,,,,,,,,,,,,,,,,,,,,,,,,,,,,,,,,,,,,,,,,,,,,,,,,,,,,,,,,,,,,,,,,,
泰顺县_地区生产总值(亿元)_第一产业_本期值,10.10,,,,,,,,,,,,,,,,,,,,,,,,,,,,,,,,,,,,,,,,,,,,,,,,,,,,,,,,,,,,,,,,,,,,
泰顺县_地区生产总值(亿元)_第二产业_本期值,41.60,,,,,,,,,,,,,,,,,,,,,,,,,,,,,,,,,,,,,,,,,,,,,,,,,,,,,,,,,,,,,,,,,,,,
泰顺县_地区生产总值(亿元)_工业_本期值,9.90,,,,,,,,,,,,,,,,,,,,,,,,,,,,,,,,,,,,,,,,,,,,,,,,,,,,,,,,,,,,,,,,,,,,
泰顺县_地区生产总值(亿元)_第三产业_本期值,70.29,,,,,,,,,,,,,,,,,,,,,,,,,,,,,,,,,,,,,,,,,,,,,,,,,,,,,,,,,,,,,,,,,,,,
瑞安市_地区生产总值(亿元)_本期值,1037.09,,,,,,,,,,,,,,,,,,,,,,,,,,,,,,,,,,,,,,,,,,,,,,,,,,,,,,,,,,,,,,,,,,,,
瑞安市_地区生产总值(亿元)_第一产业_本期值,25.82,,,,,,,,,,,,,,,,,,,,,,,,,,,,,,,,,,,,,,,,,,,,,,,,,,,,,,,,,,,,,,,,,,,,
瑞安市_地区生产总值(亿元)_第二产业_本期值,464.59,,,,,,,,,,,,,,,,,,,,,,,,,,,,,,,,,,,,,,,,,,,,,,,,,,,,,,,,,,,,,,,,,,,,
瑞安市_地区生产总值(亿元)_工业_本期值,388.22,,,,,,,,,,,,,,,,,,,,,,,,,,,,,,,,,,,,,,,,,,,,,,,,,,,,,,,,,,,,,,,,,,,,
瑞安市_地区生产总值(亿元)_第三产业_本期值,546.69,,,,,,,,,,,,,,,,,,,,,,,,,,,,,,,,,,,,,,,,,,,,,,,,,,,,,,,,,,,,,,,,,,,,
乐清市_地区生产总值(亿元)_本期值,1263.01,,,,,,,,,,,,,,,,,,,,,,,,,,,,,,,,,,,,,,,,,,,,,,,,,,,,,,,,,,,,,,,,,,,,
乐清市_地区生产总值(亿元)_第一产业_本期值,21.23,,,,,,,,,,,,,,,,,,,,,,,,,,,,,,,,,,,,,,,,,,,,,,,,,,,,,,,,,,,,,,,,,,,,
乐清市_地区生产总值(亿元)_第二产业_本期值,591.85,,,,,,,,,,,,,,,,,,,,,,,,,,,,,,,,,,,,,,,,,,,,,,,,,,,,,,,,,,,,,,,,,,,,
乐清市_地区生产总值(亿元)_工业_本期值,547.02,,,,,,,,,,,,,,,,,,,,,,,,,,,,,,,,,,,,,,,,,,,,,,,,,,,,,,,,,,,,,,,,,,,,
乐清市_地区生产总值(亿元)_第三产业_本期值,649.93,,,,,,,,,,,,,,,,,,,,,,,,,,,,,,,,,,,,,,,,,,,,,,,,,,,,,,,,,,,,,,,,,,,,
龙港市_地区生产总值(亿元)_本期值,316.40,,,,,,,,,,,,,,,,,,,,,,,,,,,,,,,,,,,,,,,,,,,,,,,,,,,,,,,,,,,,,,,,,,,,
龙港市_地区生产总值(亿元)_第一产业_本期值,9.02,,,,,,,,,,,,,,,,,,,,,,,,,,,,,,,,,,,,,,,,,,,,,,,,,,,,,,,,,,,,,,,,,,,,
龙港市_地区生产总值(亿元)_第二产业_本期值,144.61,,,,,,,,,,,,,,,,,,,,,,,,,,,,,,,,,,,,,,,,,,,,,,,,,,,,,,,,,,,,,,,,,,,,
龙港市_地区生产总值(亿元)_工业_本期值,137.63,,,,,,,,,,,,,,,,,,,,,,,,,,,,,,,,,,,,,,,,,,,,,,,,,,,,,,,,,,,,,,,,,,,,
龙港市_地区生产总值(亿元)_第三产业_本期值,162.78,,,,,,,,,,,,,,,,,,,,,,,,,,,,,,,,,,,,,,,,,,,,,,,,,,,,,,,,,,,,,,,,,,,,
嘉兴市_地区生产总值(亿元)_本期值,,5370.32,5018.38,4500.26,3979.04,3696.62,3234.34,2909.65,2909.65,2698.81,2357.22,1917.33,1816.60,1606.66,1354.18,1165.88,1008.89,823.54,677.65,586.73,524.03,460.31,433.39,433.39,369.96,311.24,236.57,168.10,113.32,91.26,81.33,79.77,72.42,57.59,47.90,40.98,30.67,23.27,22.41,19.96,17.80,16.63,13.29,,,,,,,,,,,,,,,,,,,,,,,,,,
嘉兴市_地区生产总值(亿元)_第一产业_本期值,,120.89,115.93,116.33,118.58,121.76,132.90,138.35,138.35,132.27,119.57,102.76,102.34,98.77,82.99,81.92,76.80,66.04,61.23,63.26,60.23,55.37,59.71,59.71,61.43,56.95,49.67,30.88,26.30,24.93,24.97,23.71,21.73,16.66,13.64,12.38,11.33,8.37,8.98,7.78,6.96,8.39,6.63,,,,,,,,,,,,,,,,,,,,,,,,,,
嘉兴市_地区生产总值(亿元)_第二产业_本期值,,2892.55,2755.69,2425.01,2126.66,1969.31,1807.24,1619.41,1619.41,1548.32,1388.22,1113.73,1081.21,966.03,819.94,691.35,594.66,474.90,379.84,315.63,283.79,252.97,238.72,238.72,207.62,175.49,130.25,99.32,62.23,47.51,40.56,39.75,36.34,29.90,24.69,21.20,14.06,10.44,9.45,8.65,7.57,5.52,4.38,,,,,,,,,,,,,,,,,,,,,,,,,,
嘉兴市_地区生产总值(亿元)_工业_本期值,,2576.03,2441.08,2157.03,1891.30,1748.91,1605.28,1438.14,1438.14,1373.67,1226.97,982.78,974.29,872.37,735.78,618.28,529.35,424.40,340.90,282.49,254.61,227.35,214.85,214.85,189.97,158.31,118.78,89.53,53.84,40.45,34.82,34.64,31.90,26.15,21.93,19.18,12.65,9.37,8.37,7.74,6.62,4.80,3.91,,,,,,,,,,,,,,,,,,,,,,,,,,
嘉兴市_地区生产总值(亿元)_第三产业_本期值,,2356.88,2146.76,1958.92,1733.80,1605.54,1294.20,1151.88,1151.88,1018.22,849.43,700.84,633.06,541.86,451.25,392.61,337.42,282.60,236.57,207.84,180.01,151.97,134.96,134.96,100.91,78.80,56.66,37.91,24.79,18.82,15.80,16.31,14.35,11.03,9.57,7.40,5.28,4.46,3.98,3.53,3.27,2.73,2.28,,,,,,,,,,,,,,,,,,,,,,,,,,
南湖区_地区生产总值(亿元)_本期值,797.85,,,,,,,,,,,,,,,,,,,,,,,,,,,,,,,,,,,,,,,,,,,,,,,,,,,,,,,,,,,,,,,,,,,,
南湖区_地区生产总值(亿元)_第一产业_本期值,13.40,,,,,,,,,,,,,,,,,,,,,,,,,,,,,,,,,,,,,,,,,,,,,,,,,,,,,,,,,,,,,,,,,,,,
南湖区_地区生产总值(亿元)_第二产业_本期值,350.47,,,,,,,,,,,,,,,,,,,,,,,,,,,,,,,,,,,,,,,,,,,,,,,,,,,,,,,,,,,,,,,,,,,,
南湖区_地区生产总值(亿元)_工业_本期值,295.02,,,,,,,,,,,,,,,,,,,,,,,,,,,,,,,,,,,,,,,,,,,,,,,,,,,,,,,,,,,,,,,,,,,,
南湖区_地区生产总值(亿元)_第三产业_本期值,433.98,,,,,,,,,,,,,,,,,,,,,,,,,,,,,,,,,,,,,,,,,,,,,,,,,,,,,,,,,,,,,,,,,,,,
秀洲区_地区生产总值(亿元)_本期值,704.53,,,,,,,,,,,,,,,,,,,,,,,,,,,,,,,,,,,,,,,,,,,,,,,,,,,,,,,,,,,,,,,,,,,,
秀洲区_地区生产总值(亿元)_第一产业_本期值,14.17,,,,,,,,,,,,,,,,,,,,,,,,,,,,,,,,,,,,,,,,,,,,,,,,,,,,,,,,,,,,,,,,,,,,
秀洲区_地区生产总值(亿元)_第二产业_本期值,338.91,,,,,,,,,,,,,,,,,,,,,,,,,,,,,,,,,,,,,,,,,,,,,,,,,,,,,,,,,,,,,,,,,,,,
秀洲区_地区生产总值(亿元)_工业_本期值,304.15,,,,,,,,,,,,,,,,,,,,,,,,,,,,,,,,,,,,,,,,,,,,,,,,,,,,,,,,,,,,,,,,,,,,
秀洲区_地区生产总值(亿元)_第三产业_本期值,351.45,,,,,,,,,,,,,,,,,,,,,,,,,,,,,,,,,,,,,,,,,,,,,,,,,,,,,,,,,,,,,,,,,,,,
嘉善县_地区生产总值(亿元)_本期值,655.77,,,,,,,,,,,,,,,,,,,,,,,,,,,,,,,,,,,,,,,,,,,,,,,,,,,,,,,,,,,,,,,,,,,,
嘉善县_地区生产总值(亿元)_第一产业_本期值,22.10,,,,,,,,,,,,,,,,,,,,,,,,,,,,,,,,,,,,,,,,,,,,,,,,,,,,,,,,,,,,,,,,,,,,
嘉善县_地区生产总值(亿元)_第二产业_本期值,347.98,,,,,,,,,,,,,,,,,,,,,,,,,,,,,,,,,,,,,,,,,,,,,,,,,,,,,,,,,,,,,,,,,,,,
嘉善县_地区生产总值(亿元)_工业_本期值,316.39,,,,,,,,,,,,,,,,,,,,,,,,,,,,,,,,,,,,,,,,,,,,,,,,,,,,,,,,,,,,,,,,,,,,
嘉善县_地区生产总值(亿元)_第三产业_本期值,285.69,,,,,,,,,,,,,,,,,,,,,,,,,,,,,,,,,,,,,,,,,,,,,,,,,,,,,,,,,,,,,,,,,,,,
海盐县_地区生产总值(亿元)_本期值,544.51,,,,,,,,,,,,,,,,,,,,,,,,,,,,,,,,,,,,,,,,,,,,,,,,,,,,,,,,,,,,,,,,,,,,
海盐县_地区生产总值(亿元)_第一产业_本期值,17.83,,,,,,,,,,,,,,,,,,,,,,,,,,,,,,,,,,,,,,,,,,,,,,,,,,,,,,,,,,,,,,,,,,,,
海盐县_地区生产总值(亿元)_第二产业_本期值,313.74,,,,,,,,,,,,,,,,,,,,,,,,,,,,,,,,,,,,,,,,,,,,,,,,,,,,,,,,,,,,,,,,,,,,
海盐县_地区生产总值(亿元)_工业_本期值,290.78,,,,,,,,,,,,,,,,,,,,,,,,,,,,,,,,,,,,,,,,,,,,,,,,,,,,,,,,,,,,,,,,,,,,
海盐县_地区生产总值(亿元)_第三产业_本期值,212.95,,,,,,,,,,,,,,,,,,,,,,,,,,,,,,,,,,,,,,,,,,,,,,,,,,,,,,,,,,,,,,,,,,,,
海宁市_地区生产总值(亿元)_本期值,1030.78,,,,,,,,,,,,,,,,,,,,,,,,,,,,,,,,,,,,,,,,,,,,,,,,,,,,,,,,,,,,,,,,,,,,
海宁市_地区生产总值(亿元)_第一产业_本期值,18.61,,,,,,,,,,,,,,,,,,,,,,,,,,,,,,,,,,,,,,,,,,,,,,,,,,,,,,,,,,,,,,,,,,,,
海宁市_地区生产总值(亿元)_第二产业_本期值,574.81,,,,,,,,,,,,,,,,,,,,,,,,,,,,,,,,,,,,,,,,,,,,,,,,,,,,,,,,,,,,,,,,,,,,
海宁市_地区生产总值(亿元)_工业_本期值,509.46,,,,,,,,,,,,,,,,,,,,,,,,,,,,,,,,,,,,,,,,,,,,,,,,,,,,,,,,,,,,,,,,,,,,
海宁市_地区生产总值(亿元)_第三产业_本期值,437.36,,,,,,,,,,,,,,,,,,,,,,,,,,,,,,,,,,,,,,,,,,,,,,,,,,,,,,,,,,,,,,,,,,,,
平湖市_地区生产总值(亿元)_本期值,779.00,,,,,,,,,,,,,,,,,,,,,,,,,,,,,,,,,,,,,,,,,,,,,,,,,,,,,,,,,,,,,,,,,,,,
平湖市_地区生产总值(亿元)_第一产业_本期值,14.16,,,,,,,,,,,,,,,,,,,,,,,,,,,,,,,,,,,,,,,,,,,,,,,,,,,,,,,,,,,,,,,,,,,,
平湖市_地区生产总值(亿元)_第二产业_本期值,452.98,,,,,,,,,,,,,,,,,,,,,,,,,,,,,,,,,,,,,,,,,,,,,,,,,,,,,,,,,,,,,,,,,,,,
平湖市_地区生产总值(亿元)_工业_本期值,422.20,,,,,,,,,,,,,,,,,,,,,,,,,,,,,,,,,,,,,,,,,,,,,,,,,,,,,,,,,,,,,,,,,,,,
平湖市_地区生产总值(亿元)_第三产业_本期值,311.86,,,,,,,,,,,,,,,,,,,,,,,,,,,,,,,,,,,,,,,,,,,,,,,,,,,,,,,,,,,,,,,,,,,,
桐乡市_地区生产总值(亿元)_本期值,1002.98,,,,,,,,,,,,,,,,,,,,,,,,,,,,,,,,,,,,,,,,,,,,,,,,,,,,,,,,,,,,,,,,,,,,
桐乡市_地区生产总值(亿元)_第一产业_本期值,24.17,,,,,,,,,,,,,,,,,,,,,,,,,,,,,,,,,,,,,,,,,,,,,,,,,,,,,,,,,,,,,,,,,,,,
桐乡市_地区生产总值(亿元)_第二产业_本期值,481.42,,,,,,,,,,,,,,,,,,,,,,,,,,,,,,,,,,,,,,,,,,,,,,,,,,,,,,,,,,,,,,,,,,,,
桐乡市_地区生产总值(亿元)_工业_本期值,421.61,,,,,,,,,,,,,,,,,,,,,,,,,,,,,,,,,,,,,,,,,,,,,,,,,,,,,,,,,,,,,,,,,,,,
桐乡市_地区生产总值(亿元)_第三产业_本期值,497.39,,,,,,,,,,,,,,,,,,,,,,,,,,,,,,,,,,,,,,,,,,,,,,,,,,,,,,,,,,,,,,,,,,,,
湖州市_地区生产总值(亿元)_本期值,,3122.43,2881.21,2607.86,2391.14,2223.06,1930.78,1748.11,1748.11,1579.40,1385.48,1195.55,1032.10,890.50,758.11,642.89,551.88,459.54,397.07,362.95,325.23,300.05,290.20,290.20,249.44,215.76,180.65,126.82,80.04,60.52,54.99,49.72,44.99,35.19,29.60,24.81,19.23,16.04,15.37,13.72,12.23,11.19,8.88,,,,,,,,,,,,,,,,,,,,,,,,,,
湖州市_地区生产总值(亿元)_第一产业_本期值,,133.8,128.37,125.75,124.22,122.60,119.80,122.65,122.65,116.22,104.22,90.26,84.83,71.11,65.90,63.10,58.47,50.41,47.22,46.77,44.64,43.70,44.51,44.51,43.18,40.39,35.20,25.76,20.53,18.48,18.85,16.05,16.15,11.60,9.69,8.26,7.60,6.58,6.73,5.80,4.91,5.50,4.01,,,,,,,,,,,,,,,,,,,,,,,,,,
湖州市_地区生产总值(亿元)_第二产业_本期值,,1595.4,1491.53,1360.86,1250.24,1180.73,1044.99,962.24,962.24,874.12,797.74,698.81,591.34,508.89,433.43,353.25,303.04,245.44,215.52,196.72,175.45,163.17,158.72,158.72,134.77,114.28,99.15,71.11,40.45,28.35,24.14,22.54,19.62,16.02,13.41,11.04,7.63,6.04,5.50,5.16,4.92,3.74,3.23,,,,,,,,,,,,,,,,,,,,,,,,,,
湖州市_地区生产总值(亿元)_工业_本期值,,1422.08,1321.42,1195.92,1111.95,1050.03,940.78,863.57,863.57,779.19,716.62,629.60,533.39,460.95,384.91,313.53,265.51,215.40,188.20,172.53,153.80,143.15,137.82,137.82,114.04,95.37,85.53,62.08,35.27,25.06,21.38,19.88,18.16,14.73,12.33,10.15,6.97,5.48,4.84,4.57,4.32,3.28,2.78,,,,,,,,,,,,,,,,,,,,,,,,,,
湖州市_地区生产总值(亿元)_第三产业_本期值,,1393.23,1261.32,1121.25,1016.68,919.72,765.98,663.22,663.22,589.07,483.51,406.48,355.94,310.50,258.78,226.55,190.37,163.70,134.33,119.45,105.13,93.18,86.97,86.97,71.48,61.09,46.30,29.95,19.06,13.68,12.00,11.12,9.23,7.57,6.49,5.51,4.00,3.42,3.14,2.76,2.39,1.95,1.65,,,,,,,,,,,,,,,,,,,,,,,,,,
南浔区_地区生产总值(亿元)_本期值,468.00,,,,,,,,,,,,,,,,,,,,,,,,,,,,,,,,,,,,,,,,,,,,,,,,,,,,,,,,,,,,,,,,,,,,
南浔区_地区生产总值(亿元)_第一产业_本期值,27.00,,,,,,,,,,,,,,,,,,,,,,,,,,,,,,,,,,,,,,,,,,,,,,,,,,,,,,,,,,,,,,,,,,,,
南浔区_地区生产总值(亿元)_第二产业_本期值,271.00,,,,,,,,,,,,,,,,,,,,,,,,,,,,,,,,,,,,,,,,,,,,,,,,,,,,,,,,,,,,,,,,,,,,
南浔区_地区生产总值(亿元)_工业_本期值,253.00,,,,,,,,,,,,,,,,,,,,,,,,,,,,,,,,,,,,,,,,,,,,,,,,,,,,,,,,,,,,,,,,,,,,
南浔区_地区生产总值(亿元)_第三产业_本期值,170.00,,,,,,,,,,,,,,,,,,,,,,,,,,,,,,,,,,,,,,,,,,,,,,,,,,,,,,,,,,,,,,,,,,,,
吴兴区_地区生产总值(亿元)_本期值,1002.00,,,,,,,,,,,,,,,,,,,,,,,,,,,,,,,,,,,,,,,,,,,,,,,,,,,,,,,,,,,,,,,,,,,,
吴兴区_地区生产总值(亿元)_第一产业_本期值,24.00,,,,,,,,,,,,,,,,,,,,,,,,,,,,,,,,,,,,,,,,,,,,,,,,,,,,,,,,,,,,,,,,,,,,
吴兴区_地区生产总值(亿元)_第二产业_本期值,447.00,,,,,,,,,,,,,,,,,,,,,,,,,,,,,,,,,,,,,,,,,,,,,,,,,,,,,,,,,,,,,,,,,,,,
吴兴区_地区生产总值(亿元)_工业_本期值,377.00,,,,,,,,,,,,,,,,,,,,,,,,,,,,,,,,,,,,,,,,,,,,,,,,,,,,,,,,,,,,,,,,,,,,
吴兴区_地区生产总值(亿元)_第三产业_本期值,530.00,,,,,,,,,,,,,,,,,,,,,,,,,,,,,,,,,,,,,,,,,,,,,,,,,,,,,,,,,,,,,,,,,,,,
德清县_地区生产总值(亿元)_本期值,544.00,,,,,,,,,,,,,,,,,,,,,,,,,,,,,,,,,,,,,,,,,,,,,,,,,,,,,,,,,,,,,,,,,,,,
德清县_地区生产总值(亿元)_第一产业_本期值,25.00,,,,,,,,,,,,,,,,,,,,,,,,,,,,,,,,,,,,,,,,,,,,,,,,,,,,,,,,,,,,,,,,,,,,
德清县_地区生产总值(亿元)_第二产业_本期值,305.00,,,,,,,,,,,,,,,,,,,,,,,,,,,,,,,,,,,,,,,,,,,,,,,,,,,,,,,,,,,,,,,,,,,,
德清县_地区生产总值(亿元)_工业_本期值,279.00,,,,,,,,,,,,,,,,,,,,,,,,,,,,,,,,,,,,,,,,,,,,,,,,,,,,,,,,,,,,,,,,,,,,
德清县_地区生产总值(亿元)_第三产业_本期值,214.00,,,,,,,,,,,,,,,,,,,,,,,,,,,,,,,,,,,,,,,,,,,,,,,,,,,,,,,,,,,,,,,,,,,,
长兴县_地区生产总值(亿元)_本期值,702.00,,,,,,,,,,,,,,,,,,,,,,,,,,,,,,,,,,,,,,,,,,,,,,,,,,,,,,,,,,,,,,,,,,,,
长兴县_地区生产总值(亿元)_第一产业_本期值,37.00,,,,,,,,,,,,,,,,,,,,,,,,,,,,,,,,,,,,,,,,,,,,,,,,,,,,,,,,,,,,,,,,,,,,
长兴县_地区生产总值(亿元)_第二产业_本期值,347.00,,,,,,,,,,,,,,,,,,,,,,,,,,,,,,,,,,,,,,,,,,,,,,,,,,,,,,,,,,,,,,,,,,,,
长兴县_地区生产总值(亿元)_工业_本期值,314.00,,,,,,,,,,,,,,,,,,,,,,,,,,,,,,,,,,,,,,,,,,,,,,,,,,,,,,,,,,,,,,,,,,,,
长兴县_地区生产总值(亿元)_第三产业_本期值,318.00,,,,,,,,,,,,,,,,,,,,,,,,,,,,,,,,,,,,,,,,,,,,,,,,,,,,,,,,,,,,,,,,,,,,
安吉县_地区生产总值(亿元)_本期值,487.00,,,,,,,,,,,,,,,,,,,,,,,,,,,,,,,,,,,,,,,,,,,,,,,,,,,,,,,,,,,,,,,,,,,,
安吉县_地区生产总值(亿元)_第一产业_本期值,28.00,,,,,,,,,,,,,,,,,,,,,,,,,,,,,,,,,,,,,,,,,,,,,,,,,,,,,,,,,,,,,,,,,,,,
安吉县_地区生产总值(亿元)_第二产业_本期值,216.00,,,,,,,,,,,,,,,,,,,,,,,,,,,,,,,,,,,,,,,,,,,,,,,,,,,,,,,,,,,,,,,,,,,,
安吉县_地区生产总值(亿元)_工业_本期值,197.00,,,,,,,,,,,,,,,,,,,,,,,,,,,,,,,,,,,,,,,,,,,,,,,,,,,,,,,,,,,,,,,,,,,,
安吉县_地区生产总值(亿元)_第三产业_本期值,243.00,,,,,,,,,,,,,,,,,,,,,,,,,,,,,,,,,,,,,,,,,,,,,,,,,,,,,,,,,,,,,,,,,,,,
绍兴市_地区生产总值(亿元)_本期值,,5780.74,5382.72,5027.48,4697.15,4424.69,4010.84,3677.52,3677.52,3356.94,2811.75,2406.90,2256.20,2000.73,1700.37,1462.83,1255.30,1035.22,886.06,788.02,716.85,650.93,609.10,609.10,495.39,404.70,304.57,199.73,127.25,98.16,82.38,76.16,67.96,56.74,47.50,40.04,27.95,22.36,21.05,18.80,16.55,14.36,11.29,,,,,,,,,,,,,,,,,,,,,,,,,,
绍兴市_地区生产总值(亿元)_第一产业_本期值,,208.4,196.04,195.72,194.88,187.83,182.32,177.21,177.21,166.21,145.63,121.92,114.56,104.45,97.35,93.07,86.37,77.65,75.81,76.61,74.69,71.38,70.50,70.50,63.97,56.05,46.72,32.95,25.07,22.04,19.77,17.81,15.97,14.20,12.85,11.83,9.50,7.64,8.45,7.20,6.58,6.90,5.14,,,,,,,,,,,,,,,,,,,,,,,,,,
绍兴市_地区生产总值(亿元)_第二产业_本期值,,2770.77,2629.69,2506.42,2385.21,2279.03,2161.65,2010.37,2010.37,1875.23,1593.30,1396.68,1338.18,1207.57,1026.72,882.67,753.21,611.76,513.77,457.20,420.67,387.77,363.24,363.24,295.42,242.72,180.13,121.37,73.19,53.89,43.57,40.63,37.07,31.09,25.19,20.45,12.85,10.03,8.30,7.83,6.68,4.66,3.71,,,,,,,,,,,,,,,,,,,,,,,,,,
绍兴市_地区生产总值(亿元)_工业_本期值,,2325.64,2190.09,2123.23,2042.13,1949.68,1869.53,1746.13,1746.13,1635.39,1404.38,1251.98,1218.92,1097.94,927.99,790.78,661.69,537.63,454.60,406.72,376.03,349.57,327.12,327.12,261.11,212.28,157.82,105.67,66.07,49.15,39.66,36.74,33.51,28.03,23.22,18.70,11.89,9.20,7.50,6.98,5.81,4.00,3.19,,,,,,,,,,,,,,,,,,,,,,,,,,
绍兴市_地区生产总值(亿元)_第三产业_本期值,,2801.56,2556.99,2325.34,2117.07,1957.82,1666.87,1489.95,1489.95,1315.51,1072.82,888.30,803.47,688.70,576.30,487.10,415.72,345.81,296.48,254.21,221.48,191.78,175.36,175.36,136.00,105.93,77.71,45.41,28.99,22.23,19.04,17.72,14.92,11.46,9.47,7.76,5.61,4.68,4.30,3.77,3.29,2.81,2.44,,,,,,,,,,,,,,,,,,,,,,,,,,
越城区_地区生产总值(亿元)_本期值,1008.52,,,,,,,,,,,,,,,,,,,,,,,,,,,,,,,,,,,,,,,,,,,,,,,,,,,,,,,,,,,,,,,,,,,,
越城区_地区生产总值(亿元)_第一产业_本期值,13.09,,,,,,,,,,,,,,,,,,,,,,,,,,,,,,,,,,,,,,,,,,,,,,,,,,,,,,,,,,,,,,,,,,,,
越城区_地区生产总值(亿元)_第二产业_本期值,360.91,,,,,,,,,,,,,,,,,,,,,,,,,,,,,,,,,,,,,,,,,,,,,,,,,,,,,,,,,,,,,,,,,,,,
越城区_地区生产总值(亿元)_工业_本期值,271.52,,,,,,,,,,,,,,,,,,,,,,,,,,,,,,,,,,,,,,,,,,,,,,,,,,,,,,,,,,,,,,,,,,,,
越城区_地区生产总值(亿元)_第三产业_本期值,634.53,,,,,,,,,,,,,,,,,,,,,,,,,,,,,,,,,,,,,,,,,,,,,,,,,,,,,,,,,,,,,,,,,,,,
柯桥区_地区生产总值(亿元)_本期值,1516.73,,,,,,,,,,,,,,,,,,,,,,,,,,,,,,,,,,,,,,,,,,,,,,,,,,,,,,,,,,,,,,,,,,,,
柯桥区_地区生产总值(亿元)_第一产业_本期值,38.69,,,,,,,,,,,,,,,,,,,,,,,,,,,,,,,,,,,,,,,,,,,,,,,,,,,,,,,,,,,,,,,,,,,,
柯桥区_地区生产总值(亿元)_第二产业_本期值,733.94,,,,,,,,,,,,,,,,,,,,,,,,,,,,,,,,,,,,,,,,,,,,,,,,,,,,,,,,,,,,,,,,,,,,
柯桥区_地区生产总值(亿元)_工业_本期值,620.46,,,,,,,,,,,,,,,,,,,,,,,,,,,,,,,,,,,,,,,,,,,,,,,,,,,,,,,,,,,,,,,,,,,,
柯桥区_地区生产总值(亿元)_第三产业_本期值,744.10,,,,,,,,,,,,,,,,,,,,,,,,,,,,,,,,,,,,,,,,,,,,,,,,,,,,,,,,,,,,,,,,,,,,
上虞区_地区生产总值(亿元)_本期值,1043.82,,,,,,,,,,,,,,,,,,,,,,,,,,,,,,,,,,,,,,,,,,,,,,,,,,,,,,,,,,,,,,,,,,,,
上虞区_地区生产总值(亿元)_第一产业_本期值,52.14,,,,,,,,,,,,,,,,,,,,,,,,,,,,,,,,,,,,,,,,,,,,,,,,,,,,,,,,,,,,,,,,,,,,
上虞区_地区生产总值(亿元)_第二产业_本期值,514.58,,,,,,,,,,,,,,,,,,,,,,,,,,,,,,,,,,,,,,,,,,,,,,,,,,,,,,,,,,,,,,,,,,,,
上虞区_地区生产总值(亿元)_工业_本期值,426.32,,,,,,,,,,,,,,,,,,,,,,,,,,,,,,,,,,,,,,,,,,,,,,,,,,,,,,,,,,,,,,,,,,,,
上虞区_地区生产总值(亿元)_第三产业_本期值,477.10,,,,,,,,,,,,,,,,,,,,,,,,,,,,,,,,,,,,,,,,,,,,,,,,,,,,,,,,,,,,,,,,,,,,
诸暨市_地区生产总值(亿元)_本期值,1362.36,,,,,,,,,,,,,,,,,,,,,,,,,,,,,,,,,,,,,,,,,,,,,,,,,,,,,,,,,,,,,,,,,,,,
诸暨市_地区生产总值(亿元)_第一产业_本期值,50.91,,,,,,,,,,,,,,,,,,,,,,,,,,,,,,,,,,,,,,,,,,,,,,,,,,,,,,,,,,,,,,,,,,,,
诸暨市_地区生产总值(亿元)_第二产业_本期值,617.62,,,,,,,,,,,,,,,,,,,,,,,,,,,,,,,,,,,,,,,,,,,,,,,,,,,,,,,,,,,,,,,,,,,,
诸暨市_地区生产总值(亿元)_工业_本期值,506.07,,,,,,,,,,,,,,,,,,,,,,,,,,,,,,,,,,,,,,,,,,,,,,,,,,,,,,,,,,,,,,,,,,,,
诸暨市_地区生产总值(亿元)_第三产业_本期值,693.83,,,,,,,,,,,,,,,,,,,,,,,,,,,,,,,,,,,,,,,,,,,,,,,,,,,,,,,,,,,,,,,,,,,,
嵊州市_地区生产总值(亿元)_本期值,601.27,,,,,,,,,,,,,,,,,,,,,,,,,,,,,,,,,,,,,,,,,,,,,,,,,,,,,,,,,,,,,,,,,,,,
嵊州市_地区生产总值(亿元)_第一产业_本期值,42.02,,,,,,,,,,,,,,,,,,,,,,,,,,,,,,,,,,,,,,,,,,,,,,,,,,,,,,,,,,,,,,,,,,,,
嵊州市_地区生产总值(亿元)_第二产业_本期值,259.37,,,,,,,,,,,,,,,,,,,,,,,,,,,,,,,,,,,,,,,,,,,,,,,,,,,,,,,,,,,,,,,,,,,,
嵊州市_地区生产总值(亿元)_工业_本期值,222.28,,,,,,,,,,,,,,,,,,,,,,,,,,,,,,,,,,,,,,,,,,,,,,,,,,,,,,,,,,,,,,,,,,,,
嵊州市_地区生产总值(亿元)_第三产业_本期值,299.88,,,,,,,,,,,,,,,,,,,,,,,,,,,,,,,,,,,,,,,,,,,,,,,,,,,,,,,,,,,,,,,,,,,,
新昌县_地区生产总值(亿元)_本期值,461.46,,,,,,,,,,,,,,,,,,,,,,,,,,,,,,,,,,,,,,,,,,,,,,,,,,,,,,,,,,,,,,,,,,,,
新昌县_地区生产总值(亿元)_第一产业_本期值,22.41,,,,,,,,,,,,,,,,,,,,,,,,,,,,,,,,,,,,,,,,,,,,,,,,,,,,,,,,,,,,,,,,,,,,
新昌县_地区生产总值(亿元)_第二产业_本期值,221.20,,,,,,,,,,,,,,,,,,,,,,,,,,,,,,,,,,,,,,,,,,,,,,,,,,,,,,,,,,,,,,,,,,,,
新昌县_地区生产总值(亿元)_工业_本期值,194.03,,,,,,,,,,,,,,,,,,,,,,,,,,,,,,,,,,,,,,,,,,,,,,,,,,,,,,,,,,,,,,,,,,,,
新昌县_地区生产总值(亿元)_第三产业_本期值,217.85,,,,,,,,,,,,,,,,,,,,,,,,,,,,,,,,,,,,,,,,,,,,,,,,,,,,,,,,,,,,,,,,,,,,
金华市_地区生产总值(亿元)_本期值,,4559.91,4243.89,3962.17,3705.24,3481.08,2980.93,2689.85,2689.85,2433.11,2101.13,1761.13,1704.91,1489.55,1250.25,1072.07,929.62,756.30,637.41,562.42,509.35,458.18,437.26,437.26,386.23,319.64,230.71,153.04,110.13,87.09,74.64,66.72,59.64,45.43,37.25,30.96,24.52,20.10,18.32,15.27,14.25,12.39,9.85,,,,,,,,,,,,,,,,,,,,,,,,,,
金华市_地区生产总值(亿元)_第一产业_本期值,,145.82,135.56,134.97,137.74,131.90,128.99,128.36,128.36,120.66,104.81,89.43,85.63,79.82,67.56,65.06,60.78,54.24,51.96,51.24,50.53,48.36,48.77,48.77,56.78,51.05,41.90,29.76,24.58,23.24,21.23,20.24,19.31,15.64,14.04,12.43,11.00,9.19,9.07,7.24,7.19,6.60,5.02,,,,,,,,,,,,,,,,,,,,,,,,,,
金华市_地区生产总值(亿元)_第二产业_本期值,,1833.03,1731.48,1622.74,1561.29,1550.90,1402.26,1285.13,1285.13,1180.60,1054.64,897.32,918.18,806.39,675.02,570.82,495.31,401.94,342.75,304.53,278.84,251.54,240.53,240.53,207.27,171.17,116.40,73.18,46.34,35.33,29.82,26.60,23.57,17.94,13.93,11.22,7.84,6.18,5.24,4.66,4.15,3.35,2.79,,,,,,,,,,,,,,,,,,,,,,,,,,
金华市_地区生产总值(亿元)_工业_本期值,,1565.05,1465.98,1370.52,1326.60,1323.92,1212.04,1104.01,1104.01,1006.88,904.45,783.06,818.65,720.83,596.41,497.50,422.40,345.41,297.35,265.22,244.89,221.05,211.28,211.28,180.11,149.49,101.28,64.02,41.40,31.82,26.81,23.91,20.89,15.84,12.07,9.74,6.91,5.41,4.43,4.05,3.62,2.92,2.44,,,,,,,,,,,,,,,,,,,,,,,,,,
金华市_地区生产总值(亿元)_第三产业_本期值,,2581.06,2376.85,2204.45,2006.21,1798.28,1449.69,1276.36,1276.36,1131.85,941.68,774.38,701.10,603.34,507.67,436.19,373.53,300.12,242.70,206.64,179.97,158.28,147.95,147.95,122.18,97.42,72.41,50.11,39.22,28.52,23.60,19.88,16.76,11.85,9.27,7.32,5.68,4.72,4.02,3.37,2.91,2.43,2.04,,,,,,,,,,,,,,,,,,,,,,,,,,
婺城区_地区生产总值(亿元)_本期值,654.48,,,,,,,,,,,,,,,,,,,,,,,,,,,,,,,,,,,,,,,,,,,,,,,,,,,,,,,,,,,,,,,,,,,,
婺城区_地区生产总值(亿元)_第一产业_本期值,21.64,,,,,,,,,,,,,,,,,,,,,,,,,,,,,,,,,,,,,,,,,,,,,,,,,,,,,,,,,,,,,,,,,,,,
婺城区_地区生产总值(亿元)_第二产业_本期值,199.55,,,,,,,,,,,,,,,,,,,,,,,,,,,,,,,,,,,,,,,,,,,,,,,,,,,,,,,,,,,,,,,,,,,,
婺城区_地区生产总值(亿元)_工业_本期值,156.93,,,,,,,,,,,,,,,,,,,,,,,,,,,,,,,,,,,,,,,,,,,,,,,,,,,,,,,,,,,,,,,,,,,,
婺城区_地区生产总值(亿元)_第三产业_本期值,433.30,,,,,,,,,,,,,,,,,,,,,,,,,,,,,,,,,,,,,,,,,,,,,,,,,,,,,,,,,,,,,,,,,,,,
金义新区（金东区）_地区生产总值(亿元)_本期值,259.27,,,,,,,,,,,,,,,,,,,,,,,,,,,,,,,,,,,,,,,,,,,,,,,,,,,,,,,,,,,,,,,,,,,,
金义新区（金东区）_地区生产总值(亿元)_第一产业_本期值,14.90,,,,,,,,,,,,,,,,,,,,,,,,,,,,,,,,,,,,,,,,,,,,,,,,,,,,,,,,,,,,,,,,,,,,
金义新区（金东区）_地区生产总值(亿元)_第二产业_本期值,112.61,,,,,,,,,,,,,,,,,,,,,,,,,,,,,,,,,,,,,,,,,,,,,,,,,,,,,,,,,,,,,,,,,,,,
金义新区（金东区）_地区生产总值(亿元)_工业_本期值,89.49,,,,,,,,,,,,,,,,,,,,,,,,,,,,,,,,,,,,,,,,,,,,,,,,,,,,,,,,,,,,,,,,,,,,
金义新区（金东区）_地区生产总值(亿元)_第三产业_本期值,131.75,,,,,,,,,,,,,,,,,,,,,,,,,,,,,,,,,,,,,,,,,,,,,,,,,,,,,,,,,,,,,,,,,,,,
武义县_地区生产总值(亿元)_本期值,271.33,,,,,,,,,,,,,,,,,,,,,,,,,,,,,,,,,,,,,,,,,,,,,,,,,,,,,,,,,,,,,,,,,,,,
武义县_地区生产总值(亿元)_第一产业_本期值,16.56,,,,,,,,,,,,,,,,,,,,,,,,,,,,,,,,,,,,,,,,,,,,,,,,,,,,,,,,,,,,,,,,,,,,
武义县_地区生产总值(亿元)_第二产业_本期值,130.35,,,,,,,,,,,,,,,,,,,,,,,,,,,,,,,,,,,,,,,,,,,,,,,,,,,,,,,,,,,,,,,,,,,,
武义县_地区生产总值(亿元)_工业_本期值,121.98,,,,,,,,,,,,,,,,,,,,,,,,,,,,,,,,,,,,,,,,,,,,,,,,,,,,,,,,,,,,,,,,,,,,
武义县_地区生产总值(亿元)_第三产业_本期值,124.42,,,,,,,,,,,,,,,,,,,,,,,,,,,,,,,,,,,,,,,,,,,,,,,,,,,,,,,,,,,,,,,,,,,,
浦江县_地区生产总值(亿元)_本期值,234.46,,,,,,,,,,,,,,,,,,,,,,,,,,,,,,,,,,,,,,,,,,,,,,,,,,,,,,,,,,,,,,,,,,,,
浦江县_地区生产总值(亿元)_第一产业_本期值,11.40,,,,,,,,,,,,,,,,,,,,,,,,,,,,,,,,,,,,,,,,,,,,,,,,,,,,,,,,,,,,,,,,,,,,
浦江县_地区生产总值(亿元)_第二产业_本期值,97.04,,,,,,,,,,,,,,,,,,,,,,,,,,,,,,,,,,,,,,,,,,,,,,,,,,,,,,,,,,,,,,,,,,,,
浦江县_地区生产总值(亿元)_工业_本期值,83.45,,,,,,,,,,,,,,,,,,,,,,,,,,,,,,,,,,,,,,,,,,,,,,,,,,,,,,,,,,,,,,,,,,,,
浦江县_地区生产总值(亿元)_第三产业_本期值,126.02,,,,,,,,,,,,,,,,,,,,,,,,,,,,,,,,,,,,,,,,,,,,,,,,,,,,,,,,,,,,,,,,,,,,
磐安县_地区生产总值(亿元)_本期值,120.70,,,,,,,,,,,,,,,,,,,,,,,,,,,,,,,,,,,,,,,,,,,,,,,,,,,,,,,,,,,,,,,,,,,,
磐安县_地区生产总值(亿元)_第一产业_本期值,12.85,,,,,,,,,,,,,,,,,,,,,,,,,,,,,,,,,,,,,,,,,,,,,,,,,,,,,,,,,,,,,,,,,,,,
磐安县_地区生产总值(亿元)_第二产业_本期值,46.03,,,,,,,,,,,,,,,,,,,,,,,,,,,,,,,,,,,,,,,,,,,,,,,,,,,,,,,,,,,,,,,,,,,,
磐安县_地区生产总值(亿元)_工业_本期值,34.15,,,,,,,,,,,,,,,,,,,,,,,,,,,,,,,,,,,,,,,,,,,,,,,,,,,,,,,,,,,,,,,,,,,,
磐安县_地区生产总值(亿元)_第三产业_本期值,61.82,,,,,,,,,,,,,,,,,,,,,,,,,,,,,,,,,,,,,,,,,,,,,,,,,,,,,,,,,,,,,,,,,,,,
兰溪市_地区生产总值(亿元)_本期值,400.16,,,,,,,,,,,,,,,,,,,,,,,,,,,,,,,,,,,,,,,,,,,,,,,,,,,,,,,,,,,,,,,,,,,,
兰溪市_地区生产总值(亿元)_第一产业_本期值,28.30,,,,,,,,,,,,,,,,,,,,,,,,,,,,,,,,,,,,,,,,,,,,,,,,,,,,,,,,,,,,,,,,,,,,
兰溪市_地区生产总值(亿元)_第二产业_本期值,198.23,,,,,,,,,,,,,,,,,,,,,,,,,,,,,,,,,,,,,,,,,,,,,,,,,,,,,,,,,,,,,,,,,,,,
兰溪市_地区生产总值(亿元)_工业_本期值,181.78,,,,,,,,,,,,,,,,,,,,,,,,,,,,,,,,,,,,,,,,,,,,,,,,,,,,,,,,,,,,,,,,,,,,
兰溪市_地区生产总值(亿元)_第三产业_本期值,173.63,,,,,,,,,,,,,,,,,,,,,,,,,,,,,,,,,,,,,,,,,,,,,,,,,,,,,,,,,,,,,,,,,,,,
义乌市_地区生产总值(亿元)_本期值,1485.60,,,,,,,,,,,,,,,,,,,,,,,,,,,,,,,,,,,,,,,,,,,,,,,,,,,,,,,,,,,,,,,,,,,,
义乌市_地区生产总值(亿元)_第一产业_本期值,23.76,,,,,,,,,,,,,,,,,,,,,,,,,,,,,,,,,,,,,,,,,,,,,,,,,,,,,,,,,,,,,,,,,,,,
义乌市_地区生产总值(亿元)_第二产业_本期值,422.03,,,,,,,,,,,,,,,,,,,,,,,,,,,,,,,,,,,,,,,,,,,,,,,,,,,,,,,,,,,,,,,,,,,,
义乌市_地区生产总值(亿元)_工业_本期值,373.70,,,,,,,,,,,,,,,,,,,,,,,,,,,,,,,,,,,,,,,,,,,,,,,,,,,,,,,,,,,,,,,,,,,,
义乌市_地区生产总值(亿元)_第三产业_本期值,1039.81,,,,,,,,,,,,,,,,,,,,,,,,,,,,,,,,,,,,,,,,,,,,,,,,,,,,,,,,,,,,,,,,,,,,
东阳市_地区生产总值(亿元)_本期值,638.16,,,,,,,,,,,,,,,,,,,,,,,,,,,,,,,,,,,,,,,,,,,,,,,,,,,,,,,,,,,,,,,,,,,,
东阳市_地区生产总值(亿元)_第一产业_本期值,18.75,,,,,,,,,,,,,,,,,,,,,,,,,,,,,,,,,,,,,,,,,,,,,,,,,,,,,,,,,,,,,,,,,,,,
东阳市_地区生产总值(亿元)_第二产业_本期值,272.85,,,,,,,,,,,,,,,,,,,,,,,,,,,,,,,,,,,,,,,,,,,,,,,,,,,,,,,,,,,,,,,,,,,,
东阳市_地区生产总值(亿元)_工业_本期值,202.09,,,,,,,,,,,,,,,,,,,,,,,,,,,,,,,,,,,,,,,,,,,,,,,,,,,,,,,,,,,,,,,,,,,,
东阳市_地区生产总值(亿元)_第三产业_本期值,346.55,,,,,,,,,,,,,,,,,,,,,,,,,,,,,,,,,,,,,,,,,,,,,,,,,,,,,,,,,,,,,,,,,,,,
永康市_地区生产总值(亿元)_本期值,639.78,,,,,,,,,,,,,,,,,,,,,,,,,,,,,,,,,,,,,,,,,,,,,,,,,,,,,,,,,,,,,,,,,,,,
永康市_地区生产总值(亿元)_第一产业_本期值,8.99,,,,,,,,,,,,,,,,,,,,,,,,,,,,,,,,,,,,,,,,,,,,,,,,,,,,,,,,,,,,,,,,,,,,
永康市_地区生产总值(亿元)_第二产业_本期值,335.31,,,,,,,,,,,,,,,,,,,,,,,,,,,,,,,,,,,,,,,,,,,,,,,,,,,,,,,,,,,,,,,,,,,,
永康市_地区生产总值(亿元)_工业_本期值,311.50,,,,,,,,,,,,,,,,,,,,,,,,,,,,,,,,,,,,,,,,,,,,,,,,,,,,,,,,,,,,,,,,,,,,
永康市_地区生产总值(亿元)_第三产业_本期值,295.49,,,,,,,,,,,,,,,,,,,,,,,,,,,,,,,,,,,,,,,,,,,,,,,,,,,,,,,,,,,,,,,,,,,,
衢州市_地区生产总值(亿元)_本期值,,1573.51,1457.08,1319.47,1229.89,1129.65,1043.16,964.44,964.44,910.97,752.12,625.94,580.87,479.77,388.18,329.14,280.46,238.47,198.41,174.34,155.23,142.85,136.73,136.73,126.89,112.17,86.42,63.01,45.55,39.60,36.81,31.62,27.48,21.58,18.41,16.26,13.34,11.36,10.47,8.83,8.18,7.57,6.43,,,,,,,,,,,,,,,,,,,,,,,,,,
衢州市_地区生产总值(亿元)_第一产业_本期值,,86.51,80.88,80.53,81.95,78.98,77.87,76.07,76.07,73.17,62.66,58.20,55.96,52.36,51.15,49.27,44.38,39.15,36.77,35.03,33.05,34.31,34.82,34.82,35.35,31.24,25.65,17.00,13.57,14.28,15.48,11.41,9.93,8.82,7.73,7.53,6.48,5.42,5.55,4.51,4.19,4.16,3.38,,,,,,,,,,,,,,,,,,,,,,,,,,
衢州市_地区生产总值(亿元)_第二产业_本期值,,651.12,631.37,569.85,543.44,523.58,508.17,494.20,494.20,487.28,397.98,330.46,314.05,249.36,188.79,151.58,125.35,100.30,83.72,74.50,66.60,60.03,57.22,57.22,54.66,51.60,39.67,31.44,21.68,16.81,14.21,13.01,11.20,7.86,6.51,5.48,4.37,3.98,3.27,2.90,2.75,2.33,2.15,,,,,,,,,,,,,,,,,,,,,,,,,,
衢州市_地区生产总值(亿元)_工业_本期值,,528.99,510.97,459.94,444.17,439.01,429.21,418.20,418.20,415.09,339.19,277.05,265.62,208.13,155.38,122.92,98.78,78.89,66.43,59.96,54.44,49.85,48.42,48.42,45.31,43.81,34.38,27.14,18.86,,,,,,,,,,,,,,,,,,,,,,,,,,,,,,,,,,,,,,,,
衢州市_地区生产总值(亿元)_第三产业_本期值,,835.88,744.8293,669.08,604.49,527.09,457.12,394.17,394.17,350.53,291.47,237.28,210.86,178.05,148.25,128.29,110.73,99.03,77.92,64.81,55.59,48.51,44.69,44.69,36.88,29.32,21.10,14.57,10.31,8.51,7.12,7.20,6.35,4.90,4.17,3.25,2.48,1.96,1.65,1.41,1.24,1.07,0.90,,,,,,,,,,,,,,,,,,,,,,,,,,
衢江区_地区生产总值(亿元)_本期值,209.35,,,,,,,,,,,,,,,,,,,,,,,,,,,,,,,,,,,,,,,,,,,,,,,,,,,,,,,,,,,,,,,,,,,,
衢江区_地区生产总值(亿元)_第一产业_本期值,21.78,,,,,,,,,,,,,,,,,,,,,,,,,,,,,,,,,,,,,,,,,,,,,,,,,,,,,,,,,,,,,,,,,,,,
衢江区_地区生产总值(亿元)_第二产业_本期值,75.84,,,,,,,,,,,,,,,,,,,,,,,,,,,,,,,,,,,,,,,,,,,,,,,,,,,,,,,,,,,,,,,,,,,,
衢江区_地区生产总值(亿元)_工业_本期值,64.15,,,,,,,,,,,,,,,,,,,,,,,,,,,,,,,,,,,,,,,,,,,,,,,,,,,,,,,,,,,,,,,,,,,,
衢江区_地区生产总值(亿元)_第三产业_本期值,111.73,,,,,,,,,,,,,,,,,,,,,,,,,,,,,,,,,,,,,,,,,,,,,,,,,,,,,,,,,,,,,,,,,,,,
柯城区_地区生产总值(亿元)_本期值,236.48,,,,,,,,,,,,,,,,,,,,,,,,,,,,,,,,,,,,,,,,,,,,,,,,,,,,,,,,,,,,,,,,,,,,
柯城区_地区生产总值(亿元)_第一产业_本期值,8.30,,,,,,,,,,,,,,,,,,,,,,,,,,,,,,,,,,,,,,,,,,,,,,,,,,,,,,,,,,,,,,,,,,,,
柯城区_地区生产总值(亿元)_第二产业_本期值,45.17,,,,,,,,,,,,,,,,,,,,,,,,,,,,,,,,,,,,,,,,,,,,,,,,,,,,,,,,,,,,,,,,,,,,
柯城区_地区生产总值(亿元)_工业_本期值,23.84,,,,,,,,,,,,,,,,,,,,,,,,,,,,,,,,,,,,,,,,,,,,,,,,,,,,,,,,,,,,,,,,,,,,
柯城区_地区生产总值(亿元)_第三产业_本期值,183.01,,,,,,,,,,,,,,,,,,,,,,,,,,,,,,,,,,,,,,,,,,,,,,,,,,,,,,,,,,,,,,,,,,,,
常山县_地区生产总值(亿元)_本期值,160.15,,,,,,,,,,,,,,,,,,,,,,,,,,,,,,,,,,,,,,,,,,,,,,,,,,,,,,,,,,,,,,,,,,,,
常山县_地区生产总值(亿元)_第一产业_本期值,8.33,,,,,,,,,,,,,,,,,,,,,,,,,,,,,,,,,,,,,,,,,,,,,,,,,,,,,,,,,,,,,,,,,,,,
常山县_地区生产总值(亿元)_第二产业_本期值,67.69,,,,,,,,,,,,,,,,,,,,,,,,,,,,,,,,,,,,,,,,,,,,,,,,,,,,,,,,,,,,,,,,,,,,
常山县_地区生产总值(亿元)_工业_本期值,49.97,,,,,,,,,,,,,,,,,,,,,,,,,,,,,,,,,,,,,,,,,,,,,,,,,,,,,,,,,,,,,,,,,,,,
常山县_地区生产总值(亿元)_第三产业_本期值,84.13,,,,,,,,,,,,,,,,,,,,,,,,,,,,,,,,,,,,,,,,,,,,,,,,,,,,,,,,,,,,,,,,,,,,
开化县_地区生产总值(亿元)_本期值,150.50,,,,,,,,,,,,,,,,,,,,,,,,,,,,,,,,,,,,,,,,,,,,,,,,,,,,,,,,,,,,,,,,,,,,
开化县_地区生产总值(亿元)_第一产业_本期值,14.15,,,,,,,,,,,,,,,,,,,,,,,,,,,,,,,,,,,,,,,,,,,,,,,,,,,,,,,,,,,,,,,,,,,,
开化县_地区生产总值(亿元)_第二产业_本期值,52.85,,,,,,,,,,,,,,,,,,,,,,,,,,,,,,,,,,,,,,,,,,,,,,,,,,,,,,,,,,,,,,,,,,,,
开化县_地区生产总值(亿元)_工业_本期值,29.91,,,,,,,,,,,,,,,,,,,,,,,,,,,,,,,,,,,,,,,,,,,,,,,,,,,,,,,,,,,,,,,,,,,,
开化县_地区生产总值(亿元)_第三产业_本期值,83.50,,,,,,,,,,,,,,,,,,,,,,,,,,,,,,,,,,,,,,,,,,,,,,,,,,,,,,,,,,,,,,,,,,,,
龙游县_地区生产总值(亿元)_本期值,247.61,,,,,,,,,,,,,,,,,,,,,,,,,,,,,,,,,,,,,,,,,,,,,,,,,,,,,,,,,,,,,,,,,,,,
龙游县_地区生产总值(亿元)_第一产业_本期值,15.23,,,,,,,,,,,,,,,,,,,,,,,,,,,,,,,,,,,,,,,,,,,,,,,,,,,,,,,,,,,,,,,,,,,,
龙游县_地区生产总值(亿元)_第二产业_本期值,104.17,,,,,,,,,,,,,,,,,,,,,,,,,,,,,,,,,,,,,,,,,,,,,,,,,,,,,,,,,,,,,,,,,,,,
龙游县_地区生产总值(亿元)_工业_本期值,83.66,,,,,,,,,,,,,,,,,,,,,,,,,,,,,,,,,,,,,,,,,,,,,,,,,,,,,,,,,,,,,,,,,,,,
龙游县_地区生产总值(亿元)_第三产业_本期值,128.21,,,,,,,,,,,,,,,,,,,,,,,,,,,,,,,,,,,,,,,,,,,,,,,,,,,,,,,,,,,,,,,,,,,,
江山市_地区生产总值(亿元)_本期值,312.64,,,,,,,,,,,,,,,,,,,,,,,,,,,,,,,,,,,,,,,,,,,,,,,,,,,,,,,,,,,,,,,,,,,,
江山市_地区生产总值(亿元)_第一产业_本期值,23.98,,,,,,,,,,,,,,,,,,,,,,,,,,,,,,,,,,,,,,,,,,,,,,,,,,,,,,,,,,,,,,,,,,,,
江山市_地区生产总值(亿元)_第二产业_本期值,136.43,,,,,,,,,,,,,,,,,,,,,,,,,,,,,,,,,,,,,,,,,,,,,,,,,,,,,,,,,,,,,,,,,,,,
江山市_地区生产总值(亿元)_工业_本期值,109.42,,,,,,,,,,,,,,,,,,,,,,,,,,,,,,,,,,,,,,,,,,,,,,,,,,,,,,,,,,,,,,,,,,,,
江山市_地区生产总值(亿元)_第三产业_本期值,152.23,,,,,,,,,,,,,,,,,,,,,,,,,,,,,,,,,,,,,,,,,,,,,,,,,,,,,,,,,,,,,,,,,,,,
舟山市_地区生产总值(亿元)_本期值,,1371.6,1247.22,1129.56,1076.19,930.87,821.42,755.96,755.96,689.45,609.44,539.93,512.08,421.35,342.67,283.67,231.94,186.62,157.30,134.38,121.57,106.15,97.27,97.27,83.82,74.38,60.19,43.06,34.14,28.94,24.57,23.92,23.61,18.72,14.90,13.10,9.20,6.60,6.20,5.30,4.90,4.27,3.88,,,,,,,,,,,,,,,,,,,,,,,,,,
舟山市_地区生产总值(亿元)_第一产业_本期值,,146.4,139.78,127.75,113.86,100.85,88.61,77.98,77.98,72.15,59.49,50.63,48.68,44.48,41.96,39.84,36.95,31.99,32.10,32.42,32.40,30.71,30.30,30.30,27.37,22.19,18.60,12.36,11.28,10.49,8.77,8.04,8.51,7.03,5.73,5.00,3.59,2.03,2.20,1.83,1.91,1.74,1.63,,,,,,,,,,,,,,,,,,,,,,,,,,
舟山市_地区生产总值(亿元)_第二产业_本期值,,475.53,410.38,372.39,350.39,327.44,292.15,290.94,290.94,270.41,257.54,245.47,237.26,185.56,143.47,113.41,88.80,68.96,51.83,42.09,36.01,31.33,27.06,27.06,25.60,24.59,20.09,14.47,11.47,9.36,7.93,8.19,8.35,6.51,5.03,4.77,3.05,2.50,2.18,1.95,1.71,1.39,1.23,,,,,,,,,,,,,,,,,,,,,,,,,,
舟山市_地区生产总值(亿元)_工业_本期值,,374.41,287.32,260.73,232.25,216.63,208.66,201.38,201.38,186.12,181.12,179.13,172.81,135.27,108.19,88.05,67.32,53.80,42.16,33.43,28.96,24.28,21.13,21.13,20.16,20.19,16.48,11.73,9.61,,,,,,,,,,,,,,,,,,,,,,,,,,,,,,,,,,,,,,,,
舟山市_地区生产总值(亿元)_第三产业_本期值,,749.67,697.06,629.43,611.93,502.58,440.66,387.04,387.04,346.89,292.42,243.83,226.14,191.31,157.25,130.42,106.19,85.67,73.38,59.87,53.16,44.11,39.91,39.91,30.86,27.59,21.50,16.23,11.39,9.10,7.87,7.69,6.75,5.18,4.14,3.32,2.56,2.08,1.82,1.52,1.28,1.14,1.02,,,,,,,,,,,,,,,,,,,,,,,,,,
定海区_地区生产总值(亿元)_本期值,569.56,,,,,,,,,,,,,,,,,,,,,,,,,,,,,,,,,,,,,,,,,,,,,,,,,,,,,,,,,,,,,,,,,,,,
定海区_地区生产总值(亿元)_第一产业_本期值,12.77,,,,,,,,,,,,,,,,,,,,,,,,,,,,,,,,,,,,,,,,,,,,,,,,,,,,,,,,,,,,,,,,,,,,
定海区_地区生产总值(亿元)_第二产业_本期值,202.85,,,,,,,,,,,,,,,,,,,,,,,,,,,,,,,,,,,,,,,,,,,,,,,,,,,,,,,,,,,,,,,,,,,,
定海区_地区生产总值(亿元)_工业_本期值,159.80,,,,,,,,,,,,,,,,,,,,,,,,,,,,,,,,,,,,,,,,,,,,,,,,,,,,,,,,,,,,,,,,,,,,
定海区_地区生产总值(亿元)_第三产业_本期值,353.94,,,,,,,,,,,,,,,,,,,,,,,,,,,,,,,,,,,,,,,,,,,,,,,,,,,,,,,,,,,,,,,,,,,,
普陀区_地区生产总值(亿元)_本期值,439.86,,,,,,,,,,,,,,,,,,,,,,,,,,,,,,,,,,,,,,,,,,,,,,,,,,,,,,,,,,,,,,,,,,,,
普陀区_地区生产总值(亿元)_第一产业_本期值,68.93,,,,,,,,,,,,,,,,,,,,,,,,,,,,,,,,,,,,,,,,,,,,,,,,,,,,,,,,,,,,,,,,,,,,
普陀区_地区生产总值(亿元)_第二产业_本期值,110.28,,,,,,,,,,,,,,,,,,,,,,,,,,,,,,,,,,,,,,,,,,,,,,,,,,,,,,,,,,,,,,,,,,,,
普陀区_地区生产总值(亿元)_工业_本期值,115.39,,,,,,,,,,,,,,,,,,,,,,,,,,,,,,,,,,,,,,,,,,,,,,,,,,,,,,,,,,,,,,,,,,,,
普陀区_地区生产总值(亿元)_第三产业_本期值,260.65,,,,,,,,,,,,,,,,,,,,,,,,,,,,,,,,,,,,,,,,,,,,,,,,,,,,,,,,,,,,,,,,,,,,
岱山县_地区生产总值(亿元)_本期值,384.79,,,,,,,,,,,,,,,,,,,,,,,,,,,,,,,,,,,,,,,,,,,,,,,,,,,,,,,,,,,,,,,,,,,,
岱山县_地区生产总值(亿元)_第一产业_本期值,36.27,,,,,,,,,,,,,,,,,,,,,,,,,,,,,,,,,,,,,,,,,,,,,,,,,,,,,,,,,,,,,,,,,,,,
岱山县_地区生产总值(亿元)_第二产业_本期值,256.05,,,,,,,,,,,,,,,,,,,,,,,,,,,,,,,,,,,,,,,,,,,,,,,,,,,,,,,,,,,,,,,,,,,,
岱山县_地区生产总值(亿元)_工业_本期值,247.81,,,,,,,,,,,,,,,,,,,,,,,,,,,,,,,,,,,,,,,,,,,,,,,,,,,,,,,,,,,,,,,,,,,,
岱山县_地区生产总值(亿元)_第三产业_本期值,92.48,,,,,,,,,,,,,,,,,,,,,,,,,,,,,,,,,,,,,,,,,,,,,,,,,,,,,,,,,,,,,,,,,,,,
嵊泗县_地区生产总值(亿元)_本期值,116.49,,,,,,,,,,,,,,,,,,,,,,,,,,,,,,,,,,,,,,,,,,,,,,,,,,,,,,,,,,,,,,,,,,,,
嵊泗县_地区生产总值(亿元)_第一产业_本期值,35.24,,,,,,,,,,,,,,,,,,,,,,,,,,,,,,,,,,,,,,,,,,,,,,,,,,,,,,,,,,,,,,,,,,,,
嵊泗县_地区生产总值(亿元)_第二产业_本期值,19.57,,,,,,,,,,,,,,,,,,,,,,,,,,,,,,,,,,,,,,,,,,,,,,,,,,,,,,,,,,,,,,,,,,,,
嵊泗县_地区生产总值(亿元)_工业_本期值,8.10,,,,,,,,,,,,,,,,,,,,,,,,,,,,,,,,,,,,,,,,,,,,,,,,,,,,,,,,,,,,,,,,,,,,
嵊泗县_地区生产总值(亿元)_第三产业_本期值,61.68,,,,,,,,,,,,,,,,,,,,,,,,,,,,,,,,,,,,,,,,,,,,,,,,,,,,,,,,,,,,,,,,,,,,
台州市_地区生产总值(亿元)_本期值,,5134.05,4880.32,4386.04,3874.87,3571.47,3192.67,2944.22,2944.22,2788.35,2451.68,2056.51,1964.48,1729.75,1469.11,1256.11,1081.64,908.87,782.85,680.80,613.31,550.62,505.42,505.42,445.79,380.84,270.08,177.84,126.19,100.53,78.91,72.92,62.08,45.78,38.32,33.78,25.26,20.27,18.25,15.87,14.28,12.53,10.13,,,,,,,,,,,,,,,,,,,,,,,,,,
台州市_地区生产总值(亿元)_第一产业_本期值,,282.08,268.47,255.90,243.79,221.34,205.21,195.70,195.70,185.13,157.66,130.48,121.83,112.97,105.97,102.64,94.24,90.72,89.17,86.96,84.60,88.41,87.45,87.45,90.80,83.09,63.82,41.51,33.38,29.99,23.89,22.33,20.33,16.67,14.56,13.44,10.60,8.81,8.62,6.69,6.18,5.89,4.74,,,,,,,,,,,,,,,,,,,,,,,,,,
台州市_地区生产总值(亿元)_第二产业_本期值,,2339.9,2267.74,2019.90,1748.84,1650.58,1550.89,1457.21,1457.21,1421.25,1277.99,1076.25,1059.90,944.58,794.06,665.26,565.28,472.96,403.27,355.33,322.38,282.67,256.44,256.44,222.63,187.49,130.91,85.01,52.10,38.46,31.90,30.79,25.59,18.11,14.49,12.76,9.01,6.81,5.66,5.50,4.88,3.90,3.03,,,,,,,,,,,,,,,,,,,,,,,,,,
台州市_地区生产总值(亿元)_工业_本期值,,1966.42,1895.85,1699.92,1470.43,1377.30,1356.65,1283.33,1283.33,1263.79,1148.50,971.20,967.47,861.38,721.02,606.22,508.97,427.25,367.47,323.00,292.99,257.13,233.06,233.06,200.15,164.80,117.05,74.81,45.42,33.30,27.90,27.43,22.48,15.78,12.88,11.31,8.02,6.02,4.87,4.79,4.19,3.34,2.52,,,,,,,,,,,,,,,,,,,,,,,,,,
台州市_地区生产总值(亿元)_第三产业_本期值,,2512.07,2344.11,2110.23,1882.25,1699.55,1436.57,1291.31,1291.31,1181.97,1016.03,849.78,782.74,672.20,569.08,488.21,422.11,345.19,290.42,238.51,206.33,179.54,161.53,161.53,132.36,110.26,75.36,51.32,40.72,32.08,23.12,19.80,16.16,11.00,9.27,7.58,5.64,4.65,3.97,3.68,3.22,2.74,2.36,,,,,,,,,,,,,,,,,,,,,,,,,,
椒江区_地区生产总值(亿元)_本期值,691.90,,,,,,,,,,,,,,,,,,,,,,,,,,,,,,,,,,,,,,,,,,,,,,,,,,,,,,,,,,,,,,,,,,,,
椒江区_地区生产总值(亿元)_第一产业_本期值,22.87,,,,,,,,,,,,,,,,,,,,,,,,,,,,,,,,,,,,,,,,,,,,,,,,,,,,,,,,,,,,,,,,,,,,
椒江区_地区生产总值(亿元)_第二产业_本期值,276.58,,,,,,,,,,,,,,,,,,,,,,,,,,,,,,,,,,,,,,,,,,,,,,,,,,,,,,,,,,,,,,,,,,,,
椒江区_地区生产总值(亿元)_工业_本期值,232.95,,,,,,,,,,,,,,,,,,,,,,,,,,,,,,,,,,,,,,,,,,,,,,,,,,,,,,,,,,,,,,,,,,,,
椒江区_地区生产总值(亿元)_第三产业_本期值,392.46,,,,,,,,,,,,,,,,,,,,,,,,,,,,,,,,,,,,,,,,,,,,,,,,,,,,,,,,,,,,,,,,,,,,
黄岩区_地区生产总值(亿元)_本期值,557.38,,,,,,,,,,,,,,,,,,,,,,,,,,,,,,,,,,,,,,,,,,,,,,,,,,,,,,,,,,,,,,,,,,,,
黄岩区_地区生产总值(亿元)_第一产业_本期值,19.26,,,,,,,,,,,,,,,,,,,,,,,,,,,,,,,,,,,,,,,,,,,,,,,,,,,,,,,,,,,,,,,,,,,,
黄岩区_地区生产总值(亿元)_第二产业_本期值,253.70,,,,,,,,,,,,,,,,,,,,,,,,,,,,,,,,,,,,,,,,,,,,,,,,,,,,,,,,,,,,,,,,,,,,
黄岩区_地区生产总值(亿元)_工业_本期值,229.12,,,,,,,,,,,,,,,,,,,,,,,,,,,,,,,,,,,,,,,,,,,,,,,,,,,,,,,,,,,,,,,,,,,,
黄岩区_地区生产总值(亿元)_第三产业_本期值,284.42,,,,,,,,,,,,,,,,,,,,,,,,,,,,,,,,,,,,,,,,,,,,,,,,,,,,,,,,,,,,,,,,,,,,
路桥区_地区生产总值(亿元)_本期值,669.39,,,,,,,,,,,,,,,,,,,,,,,,,,,,,,,,,,,,,,,,,,,,,,,,,,,,,,,,,,,,,,,,,,,,
路桥区_地区生产总值(亿元)_第一产业_本期值,14.20,,,,,,,,,,,,,,,,,,,,,,,,,,,,,,,,,,,,,,,,,,,,,,,,,,,,,,,,,,,,,,,,,,,,
路桥区_地区生产总值(亿元)_第二产业_本期值,266.92,,,,,,,,,,,,,,,,,,,,,,,,,,,,,,,,,,,,,,,,,,,,,,,,,,,,,,,,,,,,,,,,,,,,
路桥区_地区生产总值(亿元)_工业_本期值,211.97,,,,,,,,,,,,,,,,,,,,,,,,,,,,,,,,,,,,,,,,,,,,,,,,,,,,,,,,,,,,,,,,,,,,
路桥区_地区生产总值(亿元)_第三产业_本期值,388.27,,,,,,,,,,,,,,,,,,,,,,,,,,,,,,,,,,,,,,,,,,,,,,,,,,,,,,,,,,,,,,,,,,,,
三门县_地区生产总值(亿元)_本期值,273.39,,,,,,,,,,,,,,,,,,,,,,,,,,,,,,,,,,,,,,,,,,,,,,,,,,,,,,,,,,,,,,,,,,,,
三门县_地区生产总值(亿元)_第一产业_本期值,34.91,,,,,,,,,,,,,,,,,,,,,,,,,,,,,,,,,,,,,,,,,,,,,,,,,,,,,,,,,,,,,,,,,,,,
三门县_地区生产总值(亿元)_第二产业_本期值,114.23,,,,,,,,,,,,,,,,,,,,,,,,,,,,,,,,,,,,,,,,,,,,,,,,,,,,,,,,,,,,,,,,,,,,
三门县_地区生产总值(亿元)_工业_本期值,95.72,,,,,,,,,,,,,,,,,,,,,,,,,,,,,,,,,,,,,,,,,,,,,,,,,,,,,,,,,,,,,,,,,,,,
三门县_地区生产总值(亿元)_第三产业_本期值,124.25,,,,,,,,,,,,,,,,,,,,,,,,,,,,,,,,,,,,,,,,,,,,,,,,,,,,,,,,,,,,,,,,,,,,
天台县_地区生产总值(亿元)_本期值,301.70,,,,,,,,,,,,,,,,,,,,,,,,,,,,,,,,,,,,,,,,,,,,,,,,,,,,,,,,,,,,,,,,,,,,
天台县_地区生产总值(亿元)_第一产业_本期值,16.63,,,,,,,,,,,,,,,,,,,,,,,,,,,,,,,,,,,,,,,,,,,,,,,,,,,,,,,,,,,,,,,,,,,,
天台县_地区生产总值(亿元)_第二产业_本期值,120.18,,,,,,,,,,,,,,,,,,,,,,,,,,,,,,,,,,,,,,,,,,,,,,,,,,,,,,,,,,,,,,,,,,,,
天台县_地区生产总值(亿元)_工业_本期值,96.22,,,,,,,,,,,,,,,,,,,,,,,,,,,,,,,,,,,,,,,,,,,,,,,,,,,,,,,,,,,,,,,,,,,,
天台县_地区生产总值(亿元)_第三产业_本期值,164.88,,,,,,,,,,,,,,,,,,,,,,,,,,,,,,,,,,,,,,,,,,,,,,,,,,,,,,,,,,,,,,,,,,,,
仙居县_地区生产总值(亿元)_本期值,260.50,,,,,,,,,,,,,,,,,,,,,,,,,,,,,,,,,,,,,,,,,,,,,,,,,,,,,,,,,,,,,,,,,,,,
仙居县_地区生产总值(亿元)_第一产业_本期值,16.72,,,,,,,,,,,,,,,,,,,,,,,,,,,,,,,,,,,,,,,,,,,,,,,,,,,,,,,,,,,,,,,,,,,,
仙居县_地区生产总值(亿元)_第二产业_本期值,108.83,,,,,,,,,,,,,,,,,,,,,,,,,,,,,,,,,,,,,,,,,,,,,,,,,,,,,,,,,,,,,,,,,,,,
仙居县_地区生产总值(亿元)_工业_本期值,86.14,,,,,,,,,,,,,,,,,,,,,,,,,,,,,,,,,,,,,,,,,,,,,,,,,,,,,,,,,,,,,,,,,,,,
仙居县_地区生产总值(亿元)_第三产业_本期值,134.96,,,,,,,,,,,,,,,,,,,,,,,,,,,,,,,,,,,,,,,,,,,,,,,,,,,,,,,,,,,,,,,,,,,,
温岭市_地区生产总值(亿元)_本期值,1136.87,,,,,,,,,,,,,,,,,,,,,,,,,,,,,,,,,,,,,,,,,,,,,,,,,,,,,,,,,,,,,,,,,,,,
温岭市_地区生产总值(亿元)_第一产业_本期值,81.39,,,,,,,,,,,,,,,,,,,,,,,,,,,,,,,,,,,,,,,,,,,,,,,,,,,,,,,,,,,,,,,,,,,,
温岭市_地区生产总值(亿元)_第二产业_本期值,502.45,,,,,,,,,,,,,,,,,,,,,,,,,,,,,,,,,,,,,,,,,,,,,,,,,,,,,,,,,,,,,,,,,,,,
温岭市_地区生产总值(亿元)_工业_本期值,379.80,,,,,,,,,,,,,,,,,,,,,,,,,,,,,,,,,,,,,,,,,,,,,,,,,,,,,,,,,,,,,,,,,,,,
温岭市_地区生产总值(亿元)_第三产业_本期值,553.03,,,,,,,,,,,,,,,,,,,,,,,,,,,,,,,,,,,,,,,,,,,,,,,,,,,,,,,,,,,,,,,,,,,,
临海市_地区生产总值(亿元)_本期值,738.48,,,,,,,,,,,,,,,,,,,,,,,,,,,,,,,,,,,,,,,,,,,,,,,,,,,,,,,,,,,,,,,,,,,,
临海市_地区生产总值(亿元)_第一产业_本期值,49.70,,,,,,,,,,,,,,,,,,,,,,,,,,,,,,,,,,,,,,,,,,,,,,,,,,,,,,,,,,,,,,,,,,,,
临海市_地区生产总值(亿元)_第二产业_本期值,323.38,,,,,,,,,,,,,,,,,,,,,,,,,,,,,,,,,,,,,,,,,,,,,,,,,,,,,,,,,,,,,,,,,,,,
临海市_地区生产总值(亿元)_工业_本期值,263.96,,,,,,,,,,,,,,,,,,,,,,,,,,,,,,,,,,,,,,,,,,,,,,,,,,,,,,,,,,,,,,,,,,,,
临海市_地区生产总值(亿元)_第三产业_本期值,365.40,,,,,,,,,,,,,,,,,,,,,,,,,,,,,,,,,,,,,,,,,,,,,,,,,,,,,,,,,,,,,,,,,,,,
玉环市_地区生产总值(亿元)_本期值,632.56,,,,,,,,,,,,,,,,,,,,,,,,,,,,,,,,,,,,,,,,,,,,,,,,,,,,,,,,,,,,,,,,,,,,
玉环市_地区生产总值(亿元)_第一产业_本期值,38.60,,,,,,,,,,,,,,,,,,,,,,,,,,,,,,,,,,,,,,,,,,,,,,,,,,,,,,,,,,,,,,,,,,,,
玉环市_地区生产总值(亿元)_第二产业_本期值,334.84,,,,,,,,,,,,,,,,,,,,,,,,,,,,,,,,,,,,,,,,,,,,,,,,,,,,,,,,,,,,,,,,,,,,
玉环市_地区生产总值(亿元)_工业_本期值,306.95,,,,,,,,,,,,,,,,,,,,,,,,,,,,,,,,,,,,,,,,,,,,,,,,,,,,,,,,,,,,,,,,,,,,
玉环市_地区生产总值(亿元)_第三产业_本期值,259.13,,,,,,,,,,,,,,,,,,,,,,,,,,,,,,,,,,,,,,,,,,,,,,,,,,,,,,,,,,,,,,,,,,,,
丽水市_地区生产总值(亿元)_本期值,,1476.61,1354.22,1215.42,1134.13,1038.63,936.50,844.24,844.24,756.30,641.93,546.63,514.34,440.68,360.93,319.00,261.89,220.29,185.10,158.97,136.76,122.17,116.05,116.05,106.56,94.43,77.51,55.63,40.49,31.72,26.45,23.34,21.76,17.41,14.62,13.59,10.19,8.82,7.98,7.16,6.44,5.62,4.77,,,,,,,,,,,,,,,,,,,,,,,,,,
丽水市_地区生产总值(亿元)_第一产业_本期值,,100.04,93.85,92.53,89.44,86.01,80.34,76.28,76.28,70.26,61.29,57.50,54.66,50.09,43.53,43.83,40.71,39.01,37.57,36.74,35.29,34.51,34.58,34.58,34.17,32.76,25.81,18.14,13.27,11.66,10.33,9.89,9.51,8.05,7.09,7.08,5.27,4.70,4.32,3.91,3.53,3.24,2.78,,,,,,,,,,,,,,,,,,,,,,,,,,
丽水市_地区生产总值(亿元)_第二产业_本期值,,571.34,529.44,474.18,470.40,443.62,428.07,389.95,389.95,354.45,303.91,260.68,253.64,208.72,166.18,145.48,115.46,91.28,74.59,62.66,51.11,43.31,40.53,40.53,38.38,34.04,27.89,21.72,13.72,9.29,7.43,7.16,6.52,5.28,4.03,3.64,2.67,2.20,1.99,1.76,1.61,1.30,1.03,,,,,,,,,,,,,,,,,,,,,,,,,,
丽水市_地区生产总值(亿元)_工业_本期值,,448.72,409.59,363.89,377.38,359.74,362.13,326.52,326.52,294.43,253.71,220.45,215.04,172.71,133.42,115.75,88.29,72.60,59.98,50.67,40.45,35.29,33.07,33.07,31.70,27.95,22.32,18.63,11.38,7.50,5.99,5.97,,,,,,,,,,,,,,,,,,,,,,,,,,,,,,,,,,,,,
丽水市_地区生产总值(亿元)_第三产业_本期值,,805.23,730.93,648.71,574.30,509.00,428.09,378.02,378.02,331.59,276.73,228.45,206.04,181.87,151.22,129.69,105.71,90.00,72.94,59.57,50.37,44.35,40.94,40.94,34.02,27.64,23.81,15.76,13.49,10.77,8.69,6.30,5.73,4.08,3.50,2.88,2.26,1.92,1.67,1.49,1.31,1.08,0.97,,,,,,,,,,,,,,,,,,,,,,,,,,
莲都区_地区生产总值(亿元)_本期值,406.97,,,,,,,,,,,,,,,,,,,,,,,,,,,,,,,,,,,,,,,,,,,,,,,,,,,,,,,,,,,,,,,,,,,,
莲都区_地区生产总值(亿元)_第一产业_本期值,21.23,,,,,,,,,,,,,,,,,,,,,,,,,,,,,,,,,,,,,,,,,,,,,,,,,,,,,,,,,,,,,,,,,,,,
莲都区_地区生产总值(亿元)_第二产业_本期值,119.28,,,,,,,,,,,,,,,,,,,,,,,,,,,,,,,,,,,,,,,,,,,,,,,,,,,,,,,,,,,,,,,,,,,,
莲都区_地区生产总值(亿元)_工业_本期值,87.33,,,,,,,,,,,,,,,,,,,,,,,,,,,,,,,,,,,,,,,,,,,,,,,,,,,,,,,,,,,,,,,,,,,,
莲都区_地区生产总值(亿元)_第三产业_本期值,266.45,,,,,,,,,,,,,,,,,,,,,,,,,,,,,,,,,,,,,,,,,,,,,,,,,,,,,,,,,,,,,,,,,,,,
青田县_地区生产总值(亿元)_本期值,249.13,,,,,,,,,,,,,,,,,,,,,,,,,,,,,,,,,,,,,,,,,,,,,,,,,,,,,,,,,,,,,,,,,,,,
青田县_地区生产总值(亿元)_第一产业_本期值,10.01,,,,,,,,,,,,,,,,,,,,,,,,,,,,,,,,,,,,,,,,,,,,,,,,,,,,,,,,,,,,,,,,,,,,
青田县_地区生产总值(亿元)_第二产业_本期值,97.80,,,,,,,,,,,,,,,,,,,,,,,,,,,,,,,,,,,,,,,,,,,,,,,,,,,,,,,,,,,,,,,,,,,,
青田县_地区生产总值(亿元)_工业_本期值,81.40,,,,,,,,,,,,,,,,,,,,,,,,,,,,,,,,,,,,,,,,,,,,,,,,,,,,,,,,,,,,,,,,,,,,
青田县_地区生产总值(亿元)_第三产业_本期值,141.32,,,,,,,,,,,,,,,,,,,,,,,,,,,,,,,,,,,,,,,,,,,,,,,,,,,,,,,,,,,,,,,,,,,,
缙云县_地区生产总值(亿元)_本期值,243.44,,,,,,,,,,,,,,,,,,,,,,,,,,,,,,,,,,,,,,,,,,,,,,,,,,,,,,,,,,,,,,,,,,,,
缙云县_地区生产总值(亿元)_第一产业_本期值,12.04,,,,,,,,,,,,,,,,,,,,,,,,,,,,,,,,,,,,,,,,,,,,,,,,,,,,,,,,,,,,,,,,,,,,
缙云县_地区生产总值(亿元)_第二产业_本期值,106.71,,,,,,,,,,,,,,,,,,,,,,,,,,,,,,,,,,,,,,,,,,,,,,,,,,,,,,,,,,,,,,,,,,,,
缙云县_地区生产总值(亿元)_工业_本期值,85.54,,,,,,,,,,,,,,,,,,,,,,,,,,,,,,,,,,,,,,,,,,,,,,,,,,,,,,,,,,,,,,,,,,,,
缙云县_地区生产总值(亿元)_第三产业_本期值,124.69,,,,,,,,,,,,,,,,,,,,,,,,,,,,,,,,,,,,,,,,,,,,,,,,,,,,,,,,,,,,,,,,,,,,
遂昌县_地区生产总值(亿元)_本期值,130.81,,,,,,,,,,,,,,,,,,,,,,,,,,,,,,,,,,,,,,,,,,,,,,,,,,,,,,,,,,,,,,,,,,,,
遂昌县_地区生产总值(亿元)_第一产业_本期值,12.18,,,,,,,,,,,,,,,,,,,,,,,,,,,,,,,,,,,,,,,,,,,,,,,,,,,,,,,,,,,,,,,,,,,,
遂昌县_地区生产总值(亿元)_第二产业_本期值,46.84,,,,,,,,,,,,,,,,,,,,,,,,,,,,,,,,,,,,,,,,,,,,,,,,,,,,,,,,,,,,,,,,,,,,
遂昌县_地区生产总值(亿元)_工业_本期值,37.87,,,,,,,,,,,,,,,,,,,,,,,,,,,,,,,,,,,,,,,,,,,,,,,,,,,,,,,,,,,,,,,,,,,,
遂昌县_地区生产总值(亿元)_第三产业_本期值,71.78,,,,,,,,,,,,,,,,,,,,,,,,,,,,,,,,,,,,,,,,,,,,,,,,,,,,,,,,,,,,,,,,,,,,
松阳县_地区生产总值(亿元)_本期值,119.49,,,,,,,,,,,,,,,,,,,,,,,,,,,,,,,,,,,,,,,,,,,,,,,,,,,,,,,,,,,,,,,,,,,,
松阳县_地区生产总值(亿元)_第一产业_本期值,13.40,,,,,,,,,,,,,,,,,,,,,,,,,,,,,,,,,,,,,,,,,,,,,,,,,,,,,,,,,,,,,,,,,,,,
松阳县_地区生产总值(亿元)_第二产业_本期值,45.17,,,,,,,,,,,,,,,,,,,,,,,,,,,,,,,,,,,,,,,,,,,,,,,,,,,,,,,,,,,,,,,,,,,,
松阳县_地区生产总值(亿元)_工业_本期值,36.51,,,,,,,,,,,,,,,,,,,,,,,,,,,,,,,,,,,,,,,,,,,,,,,,,,,,,,,,,,,,,,,,,,,,
松阳县_地区生产总值(亿元)_第三产业_本期值,60.92,,,,,,,,,,,,,,,,,,,,,,,,,,,,,,,,,,,,,,,,,,,,,,,,,,,,,,,,,,,,,,,,,,,,
云和县_地区生产总值(亿元)_本期值,86.99,,,,,,,,,,,,,,,,,,,,,,,,,,,,,,,,,,,,,,,,,,,,,,,,,,,,,,,,,,,,,,,,,,,,
云和县_地区生产总值(亿元)_第一产业_本期值,4.91,,,,,,,,,,,,,,,,,,,,,,,,,,,,,,,,,,,,,,,,,,,,,,,,,,,,,,,,,,,,,,,,,,,,
云和县_地区生产总值(亿元)_第二产业_本期值,43.99,,,,,,,,,,,,,,,,,,,,,,,,,,,,,,,,,,,,,,,,,,,,,,,,,,,,,,,,,,,,,,,,,,,,
云和县_地区生产总值(亿元)_工业_本期值,39.16,,,,,,,,,,,,,,,,,,,,,,,,,,,,,,,,,,,,,,,,,,,,,,,,,,,,,,,,,,,,,,,,,,,,
云和县_地区生产总值(亿元)_第三产业_本期值,38.09,,,,,,,,,,,,,,,,,,,,,,,,,,,,,,,,,,,,,,,,,,,,,,,,,,,,,,,,,,,,,,,,,,,,
庆元县_地区生产总值(亿元)_本期值,78.93,,,,,,,,,,,,,,,,,,,,,,,,,,,,,,,,,,,,,,,,,,,,,,,,,,,,,,,,,,,,,,,,,,,,
庆元县_地区生产总值(亿元)_第一产业_本期值,7.56,,,,,,,,,,,,,,,,,,,,,,,,,,,,,,,,,,,,,,,,,,,,,,,,,,,,,,,,,,,,,,,,,,,,
庆元县_地区生产总值(亿元)_第二产业_本期值,28.26,,,,,,,,,,,,,,,,,,,,,,,,,,,,,,,,,,,,,,,,,,,,,,,,,,,,,,,,,,,,,,,,,,,,
庆元县_地区生产总值(亿元)_工业_本期值,20.35,,,,,,,,,,,,,,,,,,,,,,,,,,,,,,,,,,,,,,,,,,,,,,,,,,,,,,,,,,,,,,,,,,,,
庆元县_地区生产总值(亿元)_第三产业_本期值,43.11,,,,,,,,,,,,,,,,,,,,,,,,,,,,,,,,,,,,,,,,,,,,,,,,,,,,,,,,,,,,,,,,,,,,
景宁畲族自治县_地区生产总值(亿元)_本期值,74.76,,,,,,,,,,,,,,,,,,,,,,,,,,,,,,,,,,,,,,,,,,,,,,,,,,,,,,,,,,,,,,,,,,,,
景宁畲族自治县_地区生产总值(亿元)_第一产业_本期值,6.80,,,,,,,,,,,,,,,,,,,,,,,,,,,,,,,,,,,,,,,,,,,,,,,,,,,,,,,,,,,,,,,,,,,,
景宁畲族自治县_地区生产总值(亿元)_第二产业_本期值,16.86,,,,,,,,,,,,,,,,,,,,,,,,,,,,,,,,,,,,,,,,,,,,,,,,,,,,,,,,,,,,,,,,,,,,
景宁畲族自治县_地区生产总值(亿元)_工业_本期值,9.25,,,,,,,,,,,,,,,,,,,,,,,,,,,,,,,,,,,,,,,,,,,,,,,,,,,,,,,,,,,,,,,,,,,,
景宁畲族自治县_地区生产总值(亿元)_第三产业_本期值,51.10,,,,,,,,,,,,,,,,,,,,,,,,,,,,,,,,,,,,,,,,,,,,,,,,,,,,,,,,,,,,,,,,,,,,
龙泉市_地区生产总值(亿元)_本期值,147.16,,,,,,,,,,,,,,,,,,,,,,,,,,,,,,,,,,,,,,,,,,,,,,,,,,,,,,,,,,,,,,,,,,,,
龙泉市_地区生产总值(亿元)_第一产业_本期值,16.18,,,,,,,,,,,,,,,,,,,,,,,,,,,,,,,,,,,,,,,,,,,,,,,,,,,,,,,,,,,,,,,,,,,,
龙泉市_地区生产总值(亿元)_第二产业_本期值,51.13,,,,,,,,,,,,,,,,,,,,,,,,,,,,,,,,,,,,,,,,,,,,,,,,,,,,,,,,,,,,,,,,,,,,
龙泉市_地区生产总值(亿元)_工业_本期值,37.52,,,,,,,,,,,,,,,,,,,,,,,,,,,,,,,,,,,,,,,,,,,,,,,,,,,,,,,,,,,,,,,,,,,,
龙泉市_地区生产总值(亿元)_第三产业_本期值,79.84,,,,,,,,,,,,,,,,,,,,,,,,,,,,,,,,,,,,,,,,,,,,,,,,,,,,,,,,,,,,,,,,,,,,
